especialidade_raw;grupoespecialidade
FARMACOLOGIA;OUTRAS/INDEFINIDO
DIAGNOSTICO POR IMAGEM;DIAGNOSTICO & ONCO (ALTA)
MEDICINA PREVENTIVA E SOCIAL;ATENCAO PRIMARIA
ANGIOLOGIA;CARDIOMETABOLICAS
ENDOSCOPIA;DIAGNOSTICO & ONCO (ALTA)
NEUROFISIOLOGIA CLINICA;NEURO & ORTOPEDIA
CIRURGIA BUCOMAXILAR;ODONTOLOGIA (ALTA)
CIRURGIA PLASTICA;CIRURGICAS (ALTA)
MEDICINA DO TRAFEGO;OUTRAS/INDEFINIDO (ALTA)
PSIQUIATRIA;SAUDE MENTAL
OBSTETRICIA;SAUDE DA MULHER
ANESTESIOLOGIA;CIRURGICAS (ALTA)
CIRURGIAO DENTISTA;ODONTOLOGIA (ALTA)
PATOLOGIA;DIAGNOSTICO & ONCO
OFTALMOLOGIA;ESPECIALIDADES CLINICAS
TERAPIA INTENSIVA;OUTRAS/INDEFINIDO
MEDICINA DO TRABALHO;ATENCAO PRIMARIA
CIRURGIA DE CABECA E PESCOCO;CIRURGICAS
ENDOSCOPIA DIGESTIVA;DIAGNOSTICO & ONCO
PSICOLOGIA;OUTRAS/INDEFINIDO
INFECTOLOGIA;ESPECIALIDADES CLINICAS
NEUROLOGIA;NEURO & ORTOPEDIA
ACUPUNTURA;OUTRAS/INDEFINIDO
HOMEOPATIA;OUTRAS/INDEFINIDO
MEDICINA DE FAMILIA E COMUNIDADE;ATENCAO PRIMARIA
CIRURGIA GERAL;CIRURGICAS
RADIOLOGIA E DIAGNOSTICO POR IMAGEM;DIAGNOSTICO & ONCO
DERMATOLOGIA;ESPECIALIDADES CLINICAS
GERIATRIA;ESPECIALIDADES CLINICAS
ORTOPEDIA E TRAUMATOLOGIA;NEURO & ORTOPEDIA
ODONTOLOGIA;ODONTOLOGIA
MEDICINA INTENSIVA;OUTRAS/INDEFINIDO
SEM ESPECIALIDADE;ATENCAO PRIMARIA
MASTOLOGIA;SAUDE DA MULHER
MEDICINA GERAL COMUNITARIA;ATENCAO PRIMARIA
CIRURGIA DO APARELHO DIGESTIVO;CIRURGICAS
UROLOGIA;CIRURGICAS
CIRURGIA CABECA E PESCOCO;CIRURGICAS
ONCOLOGIA CLINICA;DIAGNOSTICO & ONCO
CANCEROLOGIA;DIAGNOSTICO & ONCO
GENETICA CLINICA;ESPECIALIDADES CLINICAS
MEDICINA ESPORTIVA;NEURO & ORTOPEDIA
PRONTO ATENDIMENTO;ATENCAO PRIMARIA
CLINICA MEDICA;ATENCAO PRIMARIA
NEFROLOGIA;CARDIOMETABOLICAS
CIRURGIA DA MAO;CIRURGICAS
CIRURGIA VASCULAR;CIRURGICAS
CIRURGIA CARDIOVASCULAR;CIRURGICAS
RADIOTERAPIA;DIAGNOSTICO & ONCO
OTORRINOLARINGOLOGIA;ESPECIALIDADES CLINICAS
GINECOLOGIA E OBSTETRICIA;SAUDE DA MULHER
CARDIOLOGIA;CARDIOMETABOLICAS
HEMATOLOGIA E HEMOTERAPIA;DIAGNOSTICO & ONCO
GASTROENTEROLOGIA;ESPECIALIDADES CLINICAS
GERIATRIA E GERONTOLOGIA;ESPECIALIDADES CLINICAS
MEDICINA DE EMERGENCIA;OUTRAS/INDEFINIDO
PEDIATRIA;SAUDE DA CRIANCA
NEUROLOGIA PEDIATRICA;SAUDE DA CRIANCA
MEDICINA INTERNA OU CLINICA MEDICA;ATENCAO PRIMARIA
ENDOCRINOLOGIA;CARDIOMETABOLICAS
ENDOCRINOLOGIA E METABOLOGIA;CARDIOMETABOLICAS
CIRURGIA ONCOLOGICA;CIRURGICAS
COLOPROCTOLOGIA;CIRURGICAS
CIRURGIA TORACICA;CIRURGICAS
ALERGIA E IMUNOLOGIA;ESPECIALIDADES CLINICAS
PNEUMOLOGIA;ESPECIALIDADES CLINICAS
NEUROCIRURGIA;NEURO & ORTOPEDIA
GINECOLOGIA;SAUDE DA MULHER
PNEUMOLOGIA E TISIOLOGIA;ESPECIALIDADES CLINICAS
REUMATOLOGIA;ESPECIALIDADES CLINICAS
ORTODONDIA;ODONTOLOGIA
ANGIOLOGIA E CIRURGIA VASCULAR;CARDIOMETABOLICAS
CANCEROLOGIA / CANCEROLOGIA CIRURGICA;CIRURGICAS (BAIXA)
CIRURGIA PEDIATRICA;CIRURGICAS (BAIXA)
HEMATOLOGIA;DIAGNOSTICO & ONCO (BAIXA)
HEMODINAMICA;DIAGNOSTICO & ONCO (BAIXA)
HEMOTERAPIA;DIAGNOSTICO & ONCO (BAIXA)
MEDICINA NUCLEAR;DIAGNOSTICO & ONCO (BAIXA)
PATOLOGIA CLINICA;DIAGNOSTICO & ONCO (BAIXA)
PATOLOGIA CLINICA / MEDICINA LABORATORIAL;DIAGNOSTICO & ONCO (BAIXA)
NUTROLOGIA;ESPECIALIDADES CLINICAS (BAIXA)
GENETICA MEDICA;ESPECIALIDADES CLINICAS (BAIXA)
HEPATOLOGIA;ESPECIALIDADES CLINICAS (BAIXA)
TISIOLOGIA;ESPECIALIDADES CLINICAS (BAIXA)
MEDICINA FISICA E REABILITACAO;NEURO & ORTOPEDIA
ENDOSCOPIA PERORAL;OUTRAS/INDEFINIDO (BAIXA)
ENFERMAGEM;OUTRAS/INDEFINIDO (BAIXA)
FISIATRIA;OUTRAS/INDEFINIDO (BAIXA)
MEDICINA LEGAL;OUTRAS/INDEFINIDO (BAIXA)
MEDICINA LEGAL E PERICIA MEDICA;OUTRAS/INDEFINIDO (BAIXA)
MEDICINA SANITARIA;OUTRAS/INDEFINIDO (BAIXA)
ONCOLOGIA;OUTRAS/INDEFINIDO (BAIXA)
;OUTRAS/INDEFINIDO (BAIXA)
