Municipio;UF
Guajara-Mirim;RO
Alto Alegre Dos Parecis;RO
Porto Velho;RO
Buritis;RO
Ji-Parana;RO
Chupinguaia;RO
Ariquemes;RO
Cujubim;RO
Cacoal;RO
Nova Uniao;RO
Pimenta Bueno;RO
Parecis;RO
Vilhena;RO
Pimenteiras Do Oeste;RO
Jaru;RO
Primavera De Rondonia;RO
Ouro Preto Do Oeste;RO
Sao Felipe D'Oeste;RO
Presidente Medici;RO
Sao Francisco Do Guapore;RO
Costa Marques;RO
Teixeiropolis;RO
Colorado Do Oeste;RO
Vale Do Anari;RO
Espigao D'Oeste;RO
Amajari;RR
Cerejeiras;RO
Canta;RR
Rolim De Moura;RO
Caroebe;RR
Caldazinha;GO
Iracema;RR
Alta Floresta D'Oeste;RO
Pacaraima;RR
Alvorada D'Oeste;RO
Rorainopolis;RR
Cabixi;RO
Uiramuta;RR
Machadinho D'Oeste;RO
Anapu;PA
Nova Brasilandia D'Oeste;RO
Bannach;PA
Santa Luzia D'Oeste;RO
Belterra;PA
Sao Miguel Do Guapore;RO
Cachoeira Do Piria;PA
Nova Mamore;RO
Canaa Dos Carajas;PA
Jesupolis;GO
Curua;PA
Professor Jamil;GO
Floresta Do Araguaia;PA
Santo Antonio De Goias;GO
Marituba;PA
Cocalzinho De Goias;GO
Nova Ipixuna;PA
Terezopolis De Goias;GO
Picarra;PA
Uirapuru;GO
Placas;PA
Buritinopolis;GO
Quatipuru;PA
Buriti De Goias;GO
Sao Joao Da Ponta;PA
Guaraita;GO
Sapucaia;PA
Vila Boa;GO
Tracuateua;PA
Inaciolandia;GO
Vitoria Do Jari;AP
Aparecida Do Rio Doce;GO
Aguiarnopolis;TO
Chapadao Do Ceu;GO
Bandeirantes Do Tocantins;TO
Perolandia;GO
Barra Do Ouro;TO
Cidade Ocidental;GO
Chapada De Areia;TO
Montividiu Do Norte;GO
Chapada Da Natividade;TO
Castelandia;GO
Crixas Do Tocantins;TO
Santo Antonio Da Barra;GO
Ipueiras;TO
Alto Horizonte;GO
Lavandeira;TO
Nova Iguacu De Goias;GO
Luzinopolis;TO
Cotriguacu;MT
Monte Santo Do Tocantins;TO
Planalto Da Serra;MT
Oliveira De Fatima;TO
Sao Pedro Da Cipa;MT
Pugmil;TO
Pontal Do Araguaia;MT
Santa Rita Do Tocantins;TO
Querencia;MT
Santa Terezinha Do Tocantins;TO
Ribeiraozinho;MT
Talisma;TO
Porto Estrela;MT
Tupirama;TO
Nova Marilandia;MT
Agua Doce Do Maranhao;MA
Brasileia;AC
Alto Alegre Do Maranhao;MA
Cruzeiro Do Sul;AC
Alto Alegre Do Pindare;MA
Mancio Lima;AC
Amapa Do Maranhao;MA
Nova Maringa;MT
Apicum-Acu;MA
Feijo;AC
Araguana;MA
Santo Afonso;MT
Bacabeira;MA
Nova Bandeirantes;MT
Bacurituba;MA
Nova Monte Verde;MT
Belagua;MA
Nova Guarita;MT
Bela Vista Do Maranhao;MA
Santa Carmem;MT
Bernardo Do Mearim;MA
Tabapora;MT
Boa Vista Do Gurupi;MA
Alto Boa Vista;MT
Bom Jesus Das Selvas;MA
Canabrava Do Norte;MT
Bom Lugar;MA
Confresa;MT
Brejo De Areia;MA
Sao Jose Do Xingu;MT
Buriticupu;MA
Gloria D'Oeste;MT
Buritirana;MA
Lambari D'Oeste;MT
Cachoeira Grande;MA
Rio Branco;AC
Campestre Do Maranhao;MA
Alcinopolis;MS
Capinzal Do Norte;MA
Nova Alvorada Do Sul;MS
Central Do Maranhao;MA
Sena Madureira;AC
Centro Do Guilherme;MA
Tarauaca;AC
Centro Novo Do Maranhao;MA
Xapuri;AC
Cidelandia;MA
Placido De Castro;AC
Conceicao Do Lago-Acu;MA
Senador Guiomard;AC
Davinopolis;MA
Manoel Urbano;AC
Feira Nova Do Maranhao;MA
Assis Brasil;AC
Fernando Falcao;MA
Novo Horizonte Do Sul;MS
Formosa Da Serra Negra;MA
Japora;MS
Governador Edison Lobao;MA
Laguna Carapa;MS
Governador Luiz Rocha;MA
Angico;TO
Governador Newton Bello;MA
Aragominas;TO
Governador Nunes Freire;MA
Araguana;TO
Igarape Do Meio;MA
Cachoeirinha;TO
Itaipava Do Grajau;MA
Campos Lindos;TO
Itinga Do Maranhao;MA
Carmolandia;TO
Jatoba;MA
Carrasco Bonito;TO
Jenipapo Dos Vieiras;MA
Darcinopolis;TO
Junco Do Maranhao;MA
Esperantina;TO
Lagoa Do Mato;MA
Maurilandia Do Tocantins;TO
Lago Dos Rodrigues;MA
Palmeiras Do Tocantins;TO
Lagoa Grande Do Maranhao;MA
Muricilandia;TO
Lajeado Novo;MA
Palmeirante;TO
Maracacume;MA
Pau D'Arco;TO
Maraja Do Sena;MA
Riachinho;TO
Maranhaozinho;MA
Santa Fe Do Araguaia;TO
Matoes Do Norte;MA
Sao Bento Do Tocantins;TO
Milagres Do Maranhao;MA
Sao Miguel Do Tocantins;TO
Nova Colinas;MA
Novo Airao;AM
Nova Olinda Do Maranhao;MA
Anori;AM
Olinda Nova Do Maranhao;MA
Atalaia Do Norte;AM
Paulino Neves;MA
Autazes;AM
Pedro Do Rosario;MA
Barcelos;AM
Peritoro;MA
Barreirinha;AM
Porto Rico Do Maranhao;MA
Benjamin Constant;AM
Presidente Medici;MA
Boca Do Acre;AM
Presidente Sarney;MA
Borba;AM
Raposa;MA
Canutama;AM
Ribamar Fiquene;MA
Carauari;AM
Santa Filomena Do Maranhao;MA
Careiro;AM
Santana Do Maranhao;MA
Coari;AM
Santo Amaro Do Maranhao;MA
Codajas;AM
Sao Domingos Do Azeitao;MA
Eirunepe;AM
Sao Francisco Do Brejao;MA
Envira;AM
Sao Joao Do Caru;MA
Fonte Boa;AM
Sao Joao Do Paraiso;MA
Humaita;AM
Sao Joao Do Soter;MA
Santa Isabel Do Rio Negro;AM
Sao Jose Dos Basilios;MA
Ipixuna;AM
Sao Pedro Da Agua Branca;MA
Itacoatiara;AM
Sao Pedro Dos Crentes;MA
Itapiranga;AM
Sao Raimundo Do Doca Bezerra;MA
Japura;AM
Sao Roberto;MA
Jurua;AM
Satubinha;MA
Jutai;AM
Senador Alexandre Costa;MA
Labrea;AM
Senador La Rocque;MA
Manacapuru;AM
Serrano Do Maranhao;MA
Manaus;AM
Sucupira Do Riachao;MA
Manicore;AM
Trizidela Do Vale;MA
Maraa;AM
Tufilandia;MA
Maues;AM
Turilandia;MA
Nhamunda;AM
Vila Nova Dos Martirios;MA
Nova Olinda Do Norte;AM
Acaua;PI
Novo Aripuana;AM
Alvorada Do Gurgueia;PI
Parintins;AM
Assuncao Do Piaui;PI
Pauini;AM
Barra D'Alcantara;PI
Santo Antonio Do Ica;AM
Bela Vista Do Piaui;PI
Sao Paulo De Olivenca;AM
Belem Do Piaui;PI
Silves;AM
Betania Do Piaui;PI
Tapaua;AM
Boa Hora;PI
Tefe;AM
Boqueirao Do Piaui;PI
Sao Gabriel Da Cachoeira;AM
Brejo Do Piaui;PI
Urucara;AM
Cajazeiras Do Piaui;PI
Urucurituba;AM
Cajueiro Da Praia;PI
Alvaraes;AM
Campo Alegre Do Fidalgo;PI
Amatura;AM
Campo Grande Do Piaui;PI
Anama;AM
Campo Largo Do Piaui;PI
Beruri;AM
Capitao Gervasio Oliveira;PI
Boa Vista Do Ramos;AM
Caraubas Do Piaui;PI
Caapiranga;AM
Caridade Do Piaui;PI
Boa Vista;RR
Caxingo;PI
Caracarai;RR
Cocal De Telha;PI
Alto Alegre;RR
Cocal Dos Alves;PI
Bonfim;RR
Currais;PI
Mucajai;RR
Curralinhos;PI
Normandia;RR
Curral Novo Do Piaui;PI
Sao Joao Da Baliza;RR
Floresta Do Piaui;PI
Sao Luiz;RR
Francisco Macedo;PI
Mateiros;TO
Geminiano;PI
Guaribas;PI
Novo Jardim;TO
Ilha Grande;PI
Rio Da Conceicao;TO
Jatoba Do Piaui;PI
Taipas Do Tocantins;TO
Joao Costa;PI
Cariri Do Tocantins;TO
Joca Marques;PI
Jau Do Tocantins;TO
Juazeiro Do Piaui;PI
Sandolandia;TO
Julio Borges;PI
Sao Salvador Do Tocantins;TO
Jurema;PI
Sucupira;TO
Lagoinha Do Piaui;PI
Abreulandia;TO
Lagoa De Sao Francisco;PI
Brasilandia Do Tocantins;TO
Lagoa Do Piaui;PI
Bom Jesus Do Tocantins;TO
Lagoa Do Sitio;PI
Centenario;TO
Madeiro;PI
Fortaleza Do Tabocao;TO
Massape Do Piaui;PI
Itapiratins;TO
Milton Brandao;PI
Juarina;TO
Morro Cabeca No Tempo;PI
Lajeado;TO
Morro Do Chapeu Do Piaui;PI
Lagoa Do Tocantins;TO
Murici Dos Portelas;PI
Piraque;TO
Nossa Senhora De Nazare;PI
Recursolandia;TO
Novo Santo Antonio;PI
Rio Dos Bois;TO
Olho D'Agua Do Piaui;PI
Santa Maria Do Tocantins;TO
Pajeu Do Piaui;PI
Sao Felix Do Tocantins;TO
Paqueta;PI
Tupiratins;TO
Pavussu;PI
Lagoa Da Confusao;TO
Pedro Laurentino;PI
Santa Barbara Do Para;PA
Nova Santa Rita;PI
Santa Luzia Do Para;PA
Porto Alegre Do Piaui;PI
Terra Alta;PA
Riacho Frio;PI
Abel Figueiredo;PA
Ribeira Do Piaui;PI
Eldorado Dos Carajas;PA
Santo Antonio Dos Milagres;PI
Palestina Do Para;PA
Sao Francisco De Assis Do Piaui;PI
Sao Domingos Do Araguaia;PA
Sao Goncalo Do Gurgueia;PI
Agua Azul Do Norte;PA
Sao Joao Da Fronteira;PI
Cumaru Do Norte;PA
Sao Joao Da Varjota;PI
Pau D'Arco;PA
Sao Joao Do Arraial;PI
Aurora Do Para;PA
Sao Luis Do Piaui;PI
Nova Esperanca Do Piria;PA
Sao Miguel Da Baixa Grande;PI
Sao Joao De Pirabas;PA
Sao Miguel Do Fidalgo;PI
Tailandia;PA
Sebastiao Barros;PI
Tucuma;PA
Sebastiao Leal;PI
Uruara;PA
Sussuapara;PI
Abaetetuba;PA
Tamboril Do Piaui;PI
Acara;PA
Tanque Do Piaui;PI
Afua;PA
Vera Mendes;PI
Alenquer;PA
Vila Nova Do Piaui;PI
Almeirim;PA
Wall Ferraz;PI
Altamira;PA
Bodo;RN
Anajas;PA
Caicara Do Norte;RN
Ananindeua;PA
Fernando Pedroza;RN
Augusto Correa;PA
Itaja;RN
Aveiro;PA
Major Sales;RN
Bagre;PA
Rio Do Fogo;RN
Baiao;PA
Santa Maria;RN
Barcarena;PA
Porto Do Mangue;RN
Belem;PA
Tibau;RN
Benevides;PA
Sao Miguel Do Gostoso;RN
Bonito;PA
Serrinha Dos Pintos;RN
Braganca;PA
Tenente Laurentino Cruz;RN
Breves;PA
Triunfo Potiguar;RN
Bujaru;PA
Venha-Ver;RN
Cachoeira Do Arari;PA
Alcantil;PB
Cameta;PA
Algodao De Jandaira;PB
Capanema;PA
Amparo;PB
Capitao Poco;PA
Aparecida;PB
Castanhal;PA
Areia De Baraunas;PB
Chaves;PA
Assuncao;PB
Colares;PA
Barauna;PB
Conceicao Do Araguaia;PA
Barra De Santana;PB
Curralinho;PA
Bernardino Batista;PB
Curuca;PA
Boa Vista;PB
Faro;PA
Cacimbas;PB
Gurupa;PA
Cajazeirinhas;PB
Igarape-Acu;PA
Capim;PB
Igarape-Miri;PA
Caraubas;PB
Inhangapi;PA
Casserengue;PB
Irituia;PA
Caturite;PB
Itaituba;PA
Coxixola;PB
Itupiranga;PA
Cuite De Mamanguape;PB
Jacunda;PA
Curral De Cima;PB
Juruti;PA
Damiao;PB
Limoeiro Do Ajuru;PA
Gado Bravo;PB
Magalhaes Barata;PA
Logradouro;PB
Maraba;PA
Marcacao;PB
Maracana;PA
Marizopolis;PB
Marapanim;PA
Matinhas;PB
Melgaco;PA
Mato Grosso;PB
Mocajuba;PA
Matureia;PB
Moju;PA
Parari;PB
Monte Alegre;PA
Poco Dantas;PB
Muana;PA
Poco De Jose De Moura;PB
Nova Timboteua;PA
Pedro Regis;PB
Obidos;PA
Riachao;PB
Oeiras Do Para;PA
Riachao Do Bacamarte;PB
Oriximina;PA
Riachao Do Poco;PB
Ourem;PA
Riacho De Santo Antonio;PB
Paragominas;PA
Santa Cecilia;PB
Peixe-Boi;PA
Santa Ines;PB
Ponta De Pedras;PA
Joca Claudino;PB
Portel;PA
Santo Andre;PB
Porto De Moz;PA
Sao Bentinho;PB
Prainha;PA
Sao Domingos Do Cariri;PB
Primavera;PA
Sao Domingos;PB
Salinopolis;PA
Sao Francisco;PB
Salvaterra;PA
Sao Jose Dos Ramos;PB
Santa Cruz Do Arari;PA
Sao Jose De Princesa;PB
Santa Isabel Do Para;PA
Sao Jose Do Brejo Do Cruz;PB
Santa Maria Do Para;PA
Sertaozinho;PB
Santana Do Araguaia;PA
Sobrado;PB
Santarem;PA
Sossego;PB
Santarem Novo;PA
Tenorio;PB
Santo Antonio Do Taua;PA
Vieiropolis;PB
Sao Caetano De Odivelas;PA
Zabele;PB
Sao Domingos Do Capim;PA
Aracoiaba;PE
Sao Felix Do Xingu;PA
Casinhas;PE
Sao Francisco Do Para;PA
Jaqueira;PE
Sao Joao Do Araguaia;PA
Jatoba;PE
Sao Miguel Do Guama;PA
Lagoa Grande;PE
Sao Sebastiao Da Boa Vista;PA
Manari;PE
Senador Jose Porfirio;PA
Santa Filomena;PE
Soure;PA
Tamandare;PE
Tome-Acu;PA
Campestre;AL
Tucurui;PA
Jequia Da Praia;AL
Vigia;PA
Alto Caparao;MG
Viseu;PA
Angelandia;MG
Redencao;PA
Aricanduva;MG
Rio Maria;PA
Berizal;MG
Xinguara;PA
Bonito De Minas;MG
Rondon Do Para;PA
Brasilandia De Minas;MG
Bom Jesus Do Tocantins;PA
Bugre;MG
Brejo Grande Do Araguaia;PA
Cabeceira Grande;MG
Concordia Do Para;PA
Campo Azul;MG
Curionopolis;PA
Cantagalo;MG
Dom Eliseu;PA
Catas Altas;MG
Garrafao Do Norte;PA
Catuti;MG
Mae Do Rio;PA
Chapada Gaucha;MG
Medicilandia;PA
Conego Marinho;MG
Ourilandia Do Norte;PA
Confins;MG
Pacaja;PA
Corrego Fundo;MG
Parauapebas;PA
Crisolita;MG
Ruropolis;PA
Cuparaque;MG
Santa Maria Das Barreiras;PA
Curral De Dentro;MG
Amapa;AP
Delta;MG
Calcoene;AP
Divisa Alegre;MG
Macapa;AP
Dom Bosco;MG
Mazagao;AP
Franciscopolis;MG
Oiapoque;AP
Frei Lagonegro;MG
Ferreira Gomes;AP
Fruta De Leite;MG
Laranjal Do Jari;AP
Gameleiras;MG
Santana;AP
Glaucilandia;MG
Tartarugalzinho;AP
Goiabeira;MG
Sao Geraldo Do Araguaia;PA
Goiana;MG
Ipixuna Do Para;PA
Guaraciama;MG
Ulianopolis;PA
Ibiracatu;MG
Breu Branco;PA
Imbe De Minas;MG
Goianesia Do Para;PA
Indaiabira;MG
Novo Repartimento;PA
Japonvar;MG
Jacareacanga;PA
Jenipapo De Minas;MG
Novo Progresso;PA
Jose Goncalves De Minas;MG
Trairao;PA
Jose Raydan;MG
Terra Santa;PA
Josenopolis;MG
Brasil Novo;PA
Juvenilia;MG
Vitoria Do Xingu;PA
Leme Do Prado;MG
Acrelandia;AC
Luisburgo;MG
Bujari;AC
Luislandia;MG
Capixaba;AC
Mario Campos;MG
Porto Acre;AC
Martins Soares;MG
Epitaciolandia;AC
Miravania;MG
Jordao;AC
Monte Formoso;MG
Marechal Thaumaturgo;AC
Naque;MG
Porto Walter;AC
Natalandia;MG
Rodrigues Alves;AC
Ninheira;MG
Santa Rosa Do Purus;AC
Nova Belem;MG
Pedra Branca Do Amapari;AP
Nova Porteirinha;MG
Serra Do Navio;AP
Novo Oriente De Minas;MG
Cutias;AP
Novorizonte;MG
Itaubal;AP
Olhos-D'Agua;MG
Porto Grande;AP
Oratorios;MG
Pracuuba;AP
Orizania;MG
Alto Paraiso;RO
Padre Carvalho;MG
Cacaulandia;RO
Pai Pedro;MG
Campo Novo De Rondonia;RO
Patis;MG
Candeias Do Jamari;RO
Pedra Bonita;MG
Itapua Do Oeste;RO
Periquito;MG
Monte Negro;RO
Piedade De Caratinga;MG
Rio Crespo;RO
Pingo D'Agua;MG
Novo Horizonte Do Oeste;RO
Pintopolis;MG
Castanheiras;RO
Ponto Chique;MG
Governador Jorge Teixeira;RO
Ponto Dos Volantes;MG
Ministro Andreazza;RO
Reduto;MG
Mirante Da Serra;RO
Rosario Da Limeira;MG
Seringueiras;RO
Santa Barbara Do Monte Verde;MG
Afonso Cunha;MA
Santa Cruz De Minas;MG
Alcantara;MA
Santa Cruz De Salinas;MG
Aldeias Altas;MA
Santa Helena De Minas;MG
Altamira Do Maranhao;MA
Santo Antonio Do Retiro;MG
Alto Parnaiba;MA
Sao Domingos Das Dores;MG
Amarante Do Maranhao;MA
Sao Felix De Minas;MG
Anajatuba;MA
Sao Geraldo Do Baixio;MG
Anapurus;MA
Sao Joao Da Lagoa;MG
Araioses;MA
Sao Joao Das Missoes;MG
Arari;MA
Sao Joao Do Pacui;MG
Axixa;MA
Sao Joaquim De Bicas;MG
Bacabal;MA
Sao Jose Da Barra;MG
Bacuri;MA
Sao Sebastiao Da Vargem Alegre;MG
Balsas;MA
Sao Sebastiao Do Anta;MG
Barao De Grajau;MA
Sarzedo;MG
Barra Do Corda;MA
Setubinha;MG
Barreirinhas;MA
Sem-Peixe;MG
Benedito Leite;MA
Serranopolis De Minas;MG
Bequimao;MA
Taparuba;MG
Brejo;MA
Tocos Do Moji;MG
Buriti;MA
Uniao De Minas;MG
Buriti Bravo;MA
Uruana De Minas;MG
Cajapio;MA
Vargem Alegre;MG
Cajari;MA
Vargem Grande Do Rio Pardo;MG
Candido Mendes;MA
Varjao De Minas;MG
Cantanhede;MA
Verdelandia;MG
Carolina;MA
Veredinha;MG
Carutapera;MA
Vermelho Novo;MG
Caxias;MA
Brejetuba;ES
Cedral;MA
Marataizes;ES
Chapadinha;MA
Ponto Belo;ES
Codo;MA
Sao Roque Do Canaa;ES
Coelho Neto;MA
Sooretama;ES
Colinas;MA
Vila Valerio;ES
Coroata;MA
Armacao Dos Buzios;RJ
Cururupu;MA
Carapebus;RJ
Dom Pedro;MA
Iguaba Grande;RJ
Duque Bacelar;MA
Macuco;RJ
Esperantinopolis;MA
Pinheiral;RJ
Fortaleza Dos Nogueiras;MA
Porto Real;RJ
Fortuna;MA
Sao Francisco De Itabapoana;RJ
Godofredo Viana;MA
Sao Jose De Uba;RJ
Goncalves Dias;MA
Seropedica;RJ
Governador Archer;MA
Tangua;RJ
Governador Eugenio Barros;MA
Arco-Iris;SP
Graca Aranha;MA
Brejo Alegre;SP
Grajau;MA
Canas;SP
Guimaraes;MA
Fernao;SP
Humberto De Campos;MA
Gaviao Peixoto;SP
Icatu;MA
Ipigua;SP
Igarape Grande;MA
Jumirim;SP
Imperatriz;MA
Nantes;SP
Sao Luis Gonzaga Do Maranhao;MA
Nova Castilho;SP
Itapecuru Mirim;MA
Ouroeste;SP
Joao Lisboa;MA
Paulistania;SP
Joselandia;MA
Pracinha;SP
Lago Da Pedra;MA
Pratania;SP
Lago Do Junco;MA
Quadra;SP
Lago Verde;MA
Ribeirao Dos Indios;SP
Lima Campos;MA
Santa Cruz Da Esperanca;SP
Loreto;MA
Santa Salete;SP
Luis Domingues;MA
Taquaral;SP
Magalhaes De Almeida;MA
Trabiju;SP
Mata Roma;MA
Vitoria Brasil;SP
Matinha;MA
Arapua;PR
Matoes;MA
Ariranha Do Ivai;PR
Mirador;MA
Bela Vista Da Caroba;PR
Mirinzal;MA
Boa Ventura De Sao Roque;PR
Moncao;MA
Bom Jesus Do Sul;PR
Montes Altos;MA
Campina Do Simao;PR
Morros;MA
Campo Magro;PR
Nina Rodrigues;MA
Carambei;PR
Nova Iorque;MA
Coronel Domingos Soares;PR
Olho D'Agua Das Cunhas;MA
Cruzmaltina;PR
Paco Do Lumiar;MA
Esperanca Nova;PR
Palmeirandia;MA
Espigao Alto Do Iguacu;PR
Paraibano;MA
Fernandes Pinheiro;PR
Parnarama;MA
Foz Do Jordao;PR
Passagem Franca;MA
Goioxim;PR
Pastos Bons;MA
Guamiranga;PR
Pedreiras;MA
Imbau;PR
Penalva;MA
Manfrinopolis;PR
Peri Mirim;MA
Marquinho;PR
Pindare Mirim;MA
Perobal;PR
Pinheiro;MA
Pontal Do Parana;PR
Pio Xii;MA
Porto Barreiro;PR
Pirapemas;MA
Prado Ferreira;PR
Pocao De Pedras;MA
Quarto Centenario;PR
Porto Franco;MA
Reserva Do Iguacu;PR
Presidente Dutra;MA
Rio Branco Do Ivai;PR
Presidente Juscelino;MA
Serranopolis Do Iguacu;PR
Presidente Vargas;MA
Tamarana;PR
Primeira Cruz;MA
Alto Bela Vista;SC
Riachao;MA
Balneario Arroio Do Silva;SC
Sao Jose De Ribamar;MA
Balneario Gaivota;SC
Rosario;MA
Bandeirante;SC
Sambaiba;MA
Barra Bonita;SC
Santa Helena;MA
Bela Vista Do Toldo;SC
Santa Luzia;MA
Bocaina Do Sul;SC
Santa Quiteria Do Maranhao;MA
Bom Jesus;SC
Santa Rita;MA
Bom Jesus Do Oeste;SC
Santo Antonio Dos Lopes;MA
Brunopolis;SC
Sao Benedito Do Rio Preto;MA
Capao Alto;SC
Sao Bento;MA
Chapadao Do Lageado;SC
Sao Bernardo;MA
Cunhatai;SC
Sao Domingos Do Maranhao;MA
Entre Rios;SC
Sao Felix De Balsas;MA
Ermo;SC
Sao Francisco Do Maranhao;MA
Flor Do Sertao;SC
Sao Joao Batista;MA
Frei Rogerio;SC
Sao Joao Dos Patos;MA
Ibiam;SC
Sao Luis;MA
Iomere;SC
Sao Mateus Do Maranhao;MA
Jupia;SC
Sao Raimundo Das Mangabeiras;MA
Luzerna;SC
Sao Vicente Ferrer;MA
Paial;SC
Sitio Novo;MA
Painel;SC
Sucupira Do Norte;MA
Palmeira;SC
Tasso Fragoso;MA
Princesa;SC
Timbiras;MA
Saltinho;SC
Timon;MA
Santa Terezinha Do Progresso;SC
Tuntum;MA
Santiago Do Sul;SC
Turiacu;MA
Sao Bernardino;SC
Tutoia;MA
Sao Pedro De Alcantara;SC
Urbano Santos;MA
Tigrinhos;SC
Vargem Grande;MA
Treviso;SC
Viana;MA
Zortea;SC
Vitoria Do Mearim;MA
Ararica;RS
Vitorino Freire;MA
Balneario Pinhal;RS
Bom Jardim;MA
Barra Do Quarai;RS
Santa Ines;MA
Benjamin Constant Do Sul;RS
Paulo Ramos;MA
Boa Vista Do Sul;RS
Acailandia;MA
Capivari Do Sul;RS
Estreito;MA
Caraa;RS
Careiro Da Varzea;AM
Cerrito;RS
Guajara;AM
Chui;RS
Apui;AM
Chuvisca;RS
Teotonio Vilela;AL
Cristal Do Sul;RS
Forquilhinha;SC
Dilermando De Aguiar;RS
Theobroma;RO
Dom Pedro De Alcantara;RS
Urupa;RO
Doutor Ricardo;RS
Vale Do Paraiso;RO
Esperanca Do Sul;RS
Corumbiara;RO
Estrela Velha;RS
Catunda;CE
Fazenda Vilanova;RS
Jijoca De Jericoacoara;CE
Floriano Peixoto;RS
Fortim;CE
Herveiras;RS
Ararenda;CE
Itaara;RS
Itaitinga;CE
Jari;RS
Choro;CE
Macambara;RS
Coivaras;PI
Mampituba;RS
Jardim Do Mulato;PI
Marques De Souza;RS
Lagoa Alegre;PI
Monte Alegre Dos Campos;RS
Agricolandia;PI
Muitos Capoes;RS
Agua Branca;PI
Nova Candelaria;RS
Alto Longa;PI
Nova Ramada;RS
Altos;PI
Novo Cabrais;RS
Amarante;PI
Passa Sete;RS
Angical Do Piaui;PI
Senador Salgado Filho;RS
Anisio De Abreu;PI
Sete De Setembro;RS
Antonio Almeida;PI
Tabai;RS
Aroazes;PI
Toropi;RS
Arraial;PI
Turucu;RS
Avelino Lopes;PI
Ubiretama;RS
Barras;PI
Unistalda;RS
Barreiras Do Piaui;PI
Vale Verde;RS
Barro Duro;PI
Vespasiano Correa;RS
Batalha;PI
Vila Langaro;RS
Beneditinos;PI
Campos De Julio;MT
Bertolinia;PI
Carlinda;MT
Bocaina;PI
Feliz Natal;MT
Bom Jesus;PI
Gaucha Do Norte;MT
Buriti Dos Lopes;PI
Nova Lacerda;MT
Campinas Do Piaui;PI
Nova Ubirata;MT
Campo Maior;PI
Novo Mundo;MT
Canto Do Buriti;PI
Sapezal;MT
Capitao De Campos;PI
Uniao Do Sul;MT
Caracol;PI
Abadia De Goias;GO
Castelo Do Piaui;PI
Aguas Lindas De Goias;GO
Cocal;PI
Amaralina;GO
Conceicao Do Caninde;PI
Bonopolis;GO
Corrente;PI
Novo Gama;GO
Cristalandia Do Piaui;PI
Porteirao;GO
Cristino Castro;PI
Santa Rita Do Novo Destino;GO
Curimata;PI
Sao Patricio;GO
Demerval Lobao;PI
Valparaiso De Goias;GO
Dom Expedito Lopes;PI
Vila Propicio;GO
Elesbao Veloso;PI
Eliseu Martins;PI
Esperantina;PI
Flores Do Piaui;PI
Floriano;PI
Francinopolis;PI
Francisco Ayres;PI
Francisco Santos;PI
Fronteiras;PI
Gilbues;PI
Guadalupe;PI
Hugo Napoleao;PI
Inhuma;PI
Santa Cruz Do Xingu;MT
Ipiranga Do Piaui;PI
Santa Rita Do Trivelato;MT
Isaias Coelho;PI
Santo Antonio Do Leste;MT
Itainopolis;PI
Serra Nova Dourada;MT
Itaueira;PI
Vale De Sao Domingos;MT
Jaicos;PI
Pau D'Arco Do Piaui;PI
Jerumenha;PI
Joaquim Pires;PI
Jundia;RN
Jose De Freitas;PI
Landri Sales;PI
Luis Correia;PI
Luzilandia;PI
Mesquita;RJ
Manoel Emidio;PI
Acegua;RS
Marcos Parente;PI
Almirante Tamandare Do Sul;RS
Matias Olimpio;PI
Arroio Do Padre;RS
Miguel Alves;PI
Boa Vista Do Cadeado;RS
Miguel Leao;PI
Boa Vista Do Incra;RS
Monsenhor Gil;PI
Bozano;RS
Monsenhor Hipolito;PI
Canudos Do Vale;RS
Monte Alegre Do Piaui;PI
Capao Bonito Do Sul;RS
Nazare Do Piaui;PI
Capao Do Cipo;RS
Nossa Senhora Dos Remedios;PI
Coqueiro Baixo;RS
Novo Oriente Do Piaui;PI
Coronel Pilar;RS
Oeiras;PI
Cruzaltense;RS
Domingos Mourao;PI
Forquetinha;RS
Padre Marcos;PI
Itati;RS
Paes Landim;PI
Jacuizinho;RS
Palmeira Do Piaui;PI
Lagoa Bonita Do Sul;RS
Palmeirais;PI
Mato Queimado;RS
Parnagua;PI
Novo Xingu;RS
Parnaiba;PI
Paulo Bento;RS
Paulistana;PI
Pedras Altas;RS
Pedro Ii;PI
Pinhal Da Serra;RS
Picos;PI
Pinto Bandeira;RS
Pimenteiras;PI
Quatro Irmaos;RS
Pio Ix;PI
Rolador;RS
Piracuruca;PI
Santa Cecilia Do Sul;RS
Piripiri;PI
Santa Margarida Do Sul;RS
Porto;PI
Sao Jose Do Sul;RS
Prata Do Piaui;PI
Sao Pedro Das Missoes;RS
Redencao Do Gurgueia;PI
Tio Hugo;RS
Regeneracao;PI
Westfalia;RS
Ribeiro Goncalves;PI
Figueirao;MS
Rio Grande Do Piaui;PI
Santa Cruz Do Piaui;PI
Santa Filomena;PI
Ipiranga Do Norte;MT
Santa Luz;PI
Itanhanga;MT
Santo Antonio De Lisboa;PI
Aroeiras Do Itaim;PI
Santo Inacio Do Piaui;PI
Sao Felix Do Piaui;PI
Sao Francisco Do Piaui;PI
Sao Goncalo Do Piaui;PI
Sao Joao Da Serra;PI
Sao Joao Do Piaui;PI
Sao Jose Do Peixe;PI
Sao Jose Do Piaui;PI
Sao Juliao;PI
Sao Miguel Do Tapuio;PI
Sao Pedro Do Piaui;PI
Sao Raimundo Nonato;PI
Simoes;PI
Simplicio Mendes;PI
Socorro Do Piaui;PI
Teresina;PI
Uniao;PI
Urucui;PI
Valenca Do Piaui;PI
Varzea Grande;PI
Dirceu Arcoverde;PI
Acarape;CE
Banabuiu;CE
Barreira;CE
Barroquinha;CE
Chorozinho;CE
Croata;CE
Deputado Irapuan Pinheiro;CE
Erere;CE
Eusebio;CE
Graca;CE
Guaiuba;CE
Horizonte;CE
Ibaretama;CE
Ibicuitinga;CE
Ipaporanga;CE
Madalena;CE
Miraima;CE
Ocara;CE
Pindoretama;CE
Pires Ferreira;CE
Potiretama;CE
Salitre;CE
Tarrafas;CE
Tejucuoca;CE
Tururu;CE
Arame;MA
Miranda Do Norte;MA
Santa Luzia Do Parua;MA
Ze Doca;MA
Dom Inocencio;PI
Sao Joao Da Canabrava;PI
Passagem Franca Do Piaui;PI
Santa Cruz Dos Milagres;PI
Buriti Dos Montes;PI
Cabeceiras Do Piaui;PI
Abaiara;CE
Acarau;CE
Acopiara;CE
Aiuaba;CE
Alcantaras;CE
Altaneira;CE
Alto Santo;CE
Antonina Do Norte;CE
Apuiares;CE
Aquiraz;CE
Aracati;CE
Aracoiaba;CE
Araripe;CE
Aratuba;CE
Arneiroz;CE
Assare;CE
Aurora;CE
Baixio;CE
Barbalha;CE
Barro;CE
Baturite;CE
Beberibe;CE
Bela Cruz;CE
Boa Viagem;CE
Brejo Santo;CE
Camocim;CE
Campos Sales;CE
Caninde;CE
Capistrano;CE
Caridade;CE
Carire;CE
Caririacu;CE
Carius;CE
Carnaubal;CE
Cascavel;CE
Catarina;CE
Caucaia;CE
Cedro;CE
Chaval;CE
Sigefredo Pacheco;PI
Coreau;CE
Crateus;CE
Crato;CE
Farias Brito;CE
Fortaleza;CE
Frecheirinha;CE
General Sampaio;CE
Granja;CE
Granjeiro;CE
Groairas;CE
Guaraciaba Do Norte;CE
Guaramiranga;CE
Hidrolandia;CE
Ibiapina;CE
Ico;CE
Iguatu;CE
Independencia;CE
Ipaumirim;CE
Ipu;CE
Ipueiras;CE
Iracema;CE
Iraucuba;CE
Itaicaba;CE
Itapaje;CE
Itapipoca;CE
Itapiuna;CE
Itatira;CE
Jaguaretama;CE
Jaguaribara;CE
Jaguaribe;CE
Jaguaruana;CE
Jardim;CE
Jati;CE
Juazeiro Do Norte;CE
Jucas;CE
Lavras Da Mangabeira;CE
Limoeiro Do Norte;CE
Maranguape;CE
Marco;CE
Martinopole;CE
Massape;CE
Mauriti;CE
Meruoca;CE
Milagres;CE
Missao Velha;CE
Mombaca;CE
Monsenhor Tabosa;CE
Morada Nova;CE
Moraujo;CE
Morrinhos;CE
Mucambo;CE
Mulungu;CE
Nova Olinda;CE
Nova Russas;CE
Novo Oriente;CE
Oros;CE
Pacajus;CE
Pacatuba;CE
Pacoti;CE
Pacuja;CE
Palhano;CE
Palmacia;CE
Paracuru;CE
Parambu;CE
Paramoti;CE
Pedra Branca;CE
Penaforte;CE
Pentecoste;CE
Pereiro;CE
Piquet Carneiro;CE
Poranga;CE
Porteiras;CE
Potengi;CE
Quixada;CE
Quixeramobim;CE
Quixere;CE
Redencao;CE
Reriutaba;CE
Russas;CE
Saboeiro;CE
Santana Do Acarau;CE
Santana Do Cariri;CE
Santa Quiteria;CE
Sao Benedito;CE
Sao Goncalo Do Amarante;CE
Sao Joao Do Jaguaribe;CE
Sao Luis Do Curu;CE
Senador Pompeu;CE
Senador Sa;CE
Sobral;CE
Solonopole;CE
Tabuleiro Do Norte;CE
Tamboril;CE
Taua;CE
Tiangua;CE
Trairi;CE
Ubajara;CE
Umari;CE
Uruburetama;CE
Uruoca;CE
Varzea Alegre;CE
Vicosa Do Ceara;CE
Maracanau;CE
Amontada;CE
Cruz;CE
Forquilha;CE
Icapui;CE
Itarema;CE
Milha;CE
Paraipaba;CE
Acari;RN
Assu;RN
Afonso Bezerra;RN
Agua Nova;RN
Alexandria;RN
Almino Afonso;RN
Alto Do Rodrigues;RN
Angicos;RN
Antonio Martins;RN
Apodi;RN
Areia Branca;RN
Ares;RN
Campo Grande;RN
Baia Formosa;RN
Barcelona;RN
Bento Fernandes;RN
Bom Jesus;RN
Brejinho;RN
Caicara Do Rio Do Vento;RN
Caico;RN
Campo Redondo;RN
Canguaretama;RN
Caraubas;RN
Carnauba Dos Dantas;RN
Carnaubais;RN
Ceara-Mirim;RN
Cerro Cora;RN
Coronel Ezequiel;RN
Coronel Joao Pessoa;RN
Cruzeta;RN
Currais Novos;RN
Doutor Severiano;RN
Encanto;RN
Equador;RN
Espirito Santo;RN
Extremoz;RN
Felipe Guerra;RN
Florania;RN
Francisco Dantas;RN
Galinhos;RN
Goianinha;RN
Governador Dix-Sept Rosado;RN
Grossos;RN
Guamare;RN
Ielmo Marinho;RN
Ipanguacu;RN
Ipueira;RN
Itau;RN
Jacana;RN
Jandaira;RN
Janduis;RN
Boa Saude;RN
Japi;RN
Jardim De Angicos;RN
Jardim De Piranhas;RN
Jardim Do Serido;RN
Joao Camara;RN
Joao Dias;RN
Jose Da Penha;RN
Jucurutu;RN
Messias Targino;RN
Lagoa D'Anta;RN
Lagoa De Pedras;RN
Lagoa De Velhos;RN
Lagoa Nova;RN
Lagoa Salgada;RN
Lajes;RN
Lajes Pintadas;RN
Lucrecia;RN
Luis Gomes;RN
Macaiba;RN
Macau;RN
Marcelino Vieira;RN
Martins;RN
Maxaranguape;RN
Frutuoso Gomes;RN
Montanhas;RN
Monte Alegre;RN
Monte Das Gameleiras;RN
Mossoro;RN
Natal;RN
Nisia Floresta;RN
Nova Cruz;RN
Olho D'Agua Do Borges;RN
Ouro Branco;RN
Parana;RN
Parau;RN
Parazinho;RN
Parelhas;RN
Parnamirim;RN
Passa E Fica;RN
Passagem;RN
Patu;RN
Pau Dos Ferros;RN
Pedra Grande;RN
Pedra Preta;RN
Pedro Avelino;RN
Pedro Velho;RN
Pendencias;RN
Piloes;RN
Poco Branco;RN
Portalegre;RN
Serra Caiada;RN
Pureza;RN
Rafael Fernandes;RN
Riacho Da Cruz;RN
Riacho De Santana;RN
Riachuelo;RN
Rodolfo Fernandes;RN
Ruy Barbosa;RN
Sao Francisco Do Oeste;RN
Santa Cruz;RN
Santana Do Serido;RN
Santana Do Matos;RN
Santo Antonio;RN
Sao Bento Do Norte;RN
Sao Bento Do Trairi;RN
Sao Fernando;RN
Sao Goncalo Do Amarante;RN
Sao Joao Do Sabugi;RN
Sao Jose De Mipibu;RN
Sao Jose Do Campestre;RN
Sao Jose Do Serido;RN
Sao Miguel;RN
Sao Paulo Do Potengi;RN
Sao Pedro;RN
Sao Rafael;RN
Sao Tome;RN
Sao Vicente;RN
Senador Eloi De Souza;RN
Senador Georgino Avelino;RN
Serra De Sao Bento;RN
Serra Negra Do Norte;RN
Serrinha;RN
Severiano Melo;RN
Sitio Novo;RN
Taboleiro Grande;RN
Taipu;RN
Tangara;RN
Tenente Ananias;RN
Tibau Do Sul;RN
Timbauba Dos Batistas;RN
Touros;RN
Umarizal;RN
Upanema;RN
Varzea;RN
Rafael Godeiro;RN
Vera Cruz;RN
Vicosa;RN
Vila Flor;RN
Agua Branca;PB
Aguiar;PB
Alagoa Grande;PB
Alagoa Nova;PB
Alagoinha;PB
Alhandra;PB
Sao Joao Do Rio Do Peixe;PB
Aracagi;PB
Arara;PB
Araruna;PB
Areia;PB
Areial;PB
Aroeiras;PB
Serra Do Mel;RN
Baia Da Traicao;PB
Bananeiras;PB
Barra De Santa Rosa;PB
Barra De Sao Miguel;PB
Bayeux;PB
Belem;PB
Belem Do Brejo Do Cruz;PB
Boa Ventura;PB
Bom Jesus;PB
Bom Sucesso;PB
Bonito De Santa Fe;PB
Boqueirao;PB
Igaracy;PB
Borborema;PB
Brejo Do Cruz;PB
Brejo Dos Santos;PB
Caapora;PB
Cabaceiras;PB
Cabedelo;PB
Cachoeira Dos Indios;PB
Cacimba De Areia;PB
Cacimba De Dentro;PB
Caicara;PB
Cajazeiras;PB
Caldas Brandao;PB
Camalau;PB
Campina Grande;PB
Carrapateira;PB
Catingueira;PB
Catole Do Rocha;PB
Conceicao;PB
Condado;PB
Conde;PB
Congo;PB
Coremas;PB
Cruz Do Espirito Santo;PB
Cubati;PB
Cuite;PB
Cuitegi;PB
Curral Velho;PB
Desterro;PB
Vista Serrana;PB
Diamante;PB
Dona Ines;PB
Duas Estradas;PB
Emas;PB
Esperanca;PB
Fagundes;PB
Frei Martinho;PB
Guarabira;PB
Gurinhem;PB
Gurjao;PB
Ibiara;PB
Imaculada;PB
Inga;PB
Itabaiana;PB
Itaporanga;PB
Itapororoca;PB
Itatuba;PB
Jacarau;PB
Jerico;PB
Joao Pessoa;PB
Juarez Tavora;PB
Juazeirinho;PB
Junco Do Serido;PB
Juripiranga;PB
Juru;PB
Lagoa;PB
Lagoa De Dentro;PB
Lagoa Seca;PB
Lastro;PB
Livramento;PB
Lucena;PB
Mae D'Agua;PB
Malta;PB
Mamanguape;PB
Manaira;PB
Mari;PB
Massaranduba;PB
Mataraca;PB
Mogeiro;PB
Montadas;PB
Monte Horebe;PB
Monteiro;PB
Mulungu;PB
Natuba;PB
Nazarezinho;PB
Nova Floresta;PB
Nova Olinda;PB
Nova Palmeira;PB
Olho D'Agua;PB
Olivedos;PB
Ouro Velho;PB
Passagem;PB
Patos;PB
Paulista;PB
Pedra Branca;PB
Pedra Lavrada;PB
Pedras De Fogo;PB
Pianco;PB
Picui;PB
Pilar;PB
Piloes;PB
Piloezinhos;PB
Pirpirituba;PB
Pitimbu;PB
Pocinhos;PB
Pombal;PB
Prata;PB
Princesa Isabel;PB
Puxinana;PB
Queimadas;PB
Quixaba;PB
Remigio;PB
Riacho Dos Cavalos;PB
Rio Tinto;PB
Salgadinho;PB
Salgado De Sao Felix;PB
Santa Cruz;PB
Santa Helena;PB
Santa Luzia;PB
Santana De Mangueira;PB
Santana Dos Garrotes;PB
Santa Rita;PB
Santa Teresinha;PB
Sao Bento;PB
Sao Joao Do Cariri;PB
Sao Joao Do Tigre;PB
Sao Jose Da Lagoa Tapada;PB
Sao Jose De Caiana;PB
Sao Jose De Espinharas;PB
Sao Jose De Piranhas;PB
Sao Jose Do Bonfim;PB
Sao Jose Do Sabugi;PB
Sao Jose Dos Cordeiros;PB
Sao Mamede;PB
Sao Miguel De Taipu;PB
Sao Sebastiao De Lagoa De Roca;PB
Sao Sebastiao Do Umbuzeiro;PB
Sape;PB
Sao Vicente Do Serido;PB
Serra Branca;PB
Serra Da Raiz;PB
Serra Grande;PB
Serra Redonda;PB
Serraria;PB
Solanea;PB
Soledade;PB
Sousa;PB
Sume;PB
Tacima;PB
Taperoa;PB
Tavares;PB
Teixeira;PB
Triunfo;PB
Uirauna;PB
Umbuzeiro;PB
Varzea;PB
Baixa Grande Do Ribeiro;PI
Canavieira;PI
Colonia Do Gurgueia;PI
Bonfim Do Piaui;PI
Colonia Do Piaui;PI
Coronel Jose Dias;PI
Fartura Do Piaui;PI
Lagoa Do Barro Do Piaui;PI
Santa Rosa Do Piaui;PI
Sao Braz Do Piaui;PI
Sao Lourenco Do Piaui;PI
Varzea Branca;PI
Alegrete Do Piaui;PI
Caldeirao Grande Do Piaui;PI
Jacobina Do Piaui;PI
Marcolandia;PI
Patos Do Piaui;PI
Queimada Nova;PI
Santana Do Piaui;PI
Brasileira;PI
Sao Jose Do Divino;PI
Bom Principio Do Piaui;PI
Lagoa Do Carro;PE
Vertente Do Lerio;PE
Xexeu;PE
Jucati;PE
Santa Cruz;PE
Dormentes;PE
Afogados Da Ingazeira;PE
Afranio;PE
Agrestina;PE
Agua Preta;PE
Aguas Belas;PE
Alagoinha;PE
Alianca;PE
Altinho;PE
Amaraji;PE
Angelim;PE
Araripina;PE
Arcoverde;PE
Barra De Guabiraba;PE
Barreiros;PE
Belem De Maria;PE
Belem De Sao Francisco;PE
Belo Jardim;PE
Betania;PE
Bezerros;PE
Bodoco;PE
Bom Conselho;PE
Bom Jardim;PE
Bonito;PE
Brejao;PE
Brejinho;PE
Brejo Da Madre De Deus;PE
Buenos Aires;PE
Buique;PE
Cabo De Santo Agostinho;PE
Cabrobo;PE
Cachoeirinha;PE
Caetes;PE
Calcado;PE
Calumbi;PE
Camocim De Sao Felix;PE
Camutanga;PE
Canhotinho;PE
Capoeiras;PE
Carnaiba;PE
Carpina;PE
Caruaru;PE
Catende;PE
Cedro;PE
Cha De Alegria;PE
Cha Grande;PE
Condado;PE
Correntes;PE
Cortes;PE
Cumaru;PE
Cupira;PE
Custodia;PE
Escada;PE
Exu;PE
Feira Nova;PE
Ferreiros;PE
Flores;PE
Floresta;PE
Frei Miguelinho;PE
Gameleira;PE
Garanhuns;PE
Gloria Do Goita;PE
Goiana;PE
Granito;PE
Gravata;PE
Iati;PE
Ibimirim;PE
Ibirajuba;PE
Igarassu;PE
Iguaraci;PE
Inaja;PE
Ingazeira;PE
Ipojuca;PE
Ipubi;PE
Itacuruba;PE
Itaiba;PE
Ilha De Itamaraca;PE
Itapetim;PE
Itaquitinga;PE
Jaboatao Dos Guararapes;PE
Jatauba;PE
Joao Alfredo;PE
Joaquim Nabuco;PE
Jupi;PE
Jurema;PE
Lagoa Do Itaenga;PE
Lagoa Do Ouro;PE
Lagoa Dos Gatos;PE
Lajedo;PE
Limoeiro;PE
Macaparana;PE
Machados;PE
Maraial;PE
Mirandiba;PE
Moreno;PE
Nazare Da Mata;PE
Olinda;PE
Orobo;PE
Oroco;PE
Ouricuri;PE
Palmares;PE
Palmeirina;PE
Panelas;PE
Paranatama;PE
Parnamirim;PE
Passira;PE
Paudalho;PE
Paulista;PE
Pedra;PE
Pesqueira;PE
Petrolandia;PE
Petrolina;PE
Pocao;PE
Pombos;PE
Primavera;PE
Quipapa;PE
Recife;PE
Riacho Das Almas;PE
Ribeirao;PE
Rio Formoso;PE
Saire;PE
Salgadinho;PE
Salgueiro;PE
Saloa;PE
Sanharo;PE
Santa Cruz Do Capibaribe;PE
Santa Maria Da Boa Vista;PE
Santa Maria Do Cambuca;PE
Santa Terezinha;PE
Sao Benedito Do Sul;PE
Sao Bento Do Una;PE
Sao Caitano;PE
Sao Joao;PE
Sao Joaquim Do Monte;PE
Sao Jose Da Coroa Grande;PE
Sao Jose Do Belmonte;PE
Sao Jose Do Egito;PE
Sao Lourenco Da Mata;PE
Sao Vicente Ferrer;PE
Serra Talhada;PE
Serrita;PE
Sertania;PE
Sirinhaem;PE
Moreilandia;PE
Solidao;PE
Surubim;PE
Tabira;PE
Tacaimbo;PE
Tacaratu;PE
Itambe;PE
Taquaritinga Do Norte;PE
Terezinha;PE
Terra Nova;PE
Timbauba;PE
Toritama;PE
Tracunhaem;PE
Trindade;PE
Triunfo;PE
Tupanatinga;PE
Tuparetama;PE
Venturosa;PE
Verdejante;PE
Vertentes;PE
Vicencia;PE
Vitoria De Santo Antao;PE
Camaragibe;PE
Abreu E Lima;PE
Itapissuma;PE
Carnaubeira Da Penha;PE
Quixaba;PE
Santa Cruz Da Baixa Verde;PE
Paripueira;AL
Estrela De Alagoas;AL
Pariconha;AL
Santana Do Sao Francisco;SE
Sao Jose Da Lapa;MG
Capitao Andrade;MG
Catuji;MG
Jampruca;MG
Divisopolis;MG
Mata Verde;MG
Palmopolis;MG
Entre Folhas;MG
Ipaba;MG
Santa Barbara Do Leste;MG
Santa Rita De Minas;MG
Ubaporanga;MG
Santana Do Paraiso;MG
Durande;MG
Sao Joao Do Manhuacu;MG
Sao Joao Do Manteninha;MG
Alfredo Vasconcelos;MG
Fervedouro;MG
Carneirinho;MG
Limeira Do Oeste;MG
Senador Amaral;MG
Juatuba;MG
Icarai De Minas;MG
Lontra;MG
Montezuma;MG
Urucuia;MG
Agua Branca;AL
Anadia;AL
Arapiraca;AL
Atalaia;AL
Barra De Santo Antonio;AL
Barra De Sao Miguel;AL
Batalha;AL
Belem;AL
Belo Monte;AL
Boca Da Mata;AL
Branquinha;AL
Cacimbinhas;AL
Cajueiro;AL
Campo Alegre;AL
Campo Grande;AL
Canapi;AL
Capela;AL
Carneiros;AL
Cha Preta;AL
Coite Do Noia;AL
Colonia Leopoldina;AL
Coqueiro Seco;AL
Coruripe;AL
Delmiro Gouveia;AL
Dois Riachos;AL
Feira Grande;AL
Feliz Deserto;AL
Flexeiras;AL
Girau Do Ponciano;AL
Ibateguara;AL
Igaci;AL
Igreja Nova;AL
Inhapi;AL
Jacare Dos Homens;AL
Jacuipe;AL
Japaratinga;AL
Jaramataia;AL
Joaquim Gomes;AL
Jundia;AL
Junqueiro;AL
Lagoa Da Canoa;AL
Limoeiro De Anadia;AL
Maceio;AL
Major Isidoro;AL
Maragogi;AL
Maravilha;AL
Marechal Deodoro;AL
Maribondo;AL
Mar Vermelho;AL
Mata Grande;AL
Matriz De Camaragibe;AL
Messias;AL
Minador Do Negrao;AL
Monteiropolis;AL
Murici;AL
Novo Lino;AL
Olho D'Agua Das Flores;AL
Olho D'Agua Do Casado;AL
Olho D'Agua Grande;AL
Olivenca;AL
Ouro Branco;AL
Palestina;AL
Palmeira Dos Indios;AL
Pao De Acucar;AL
Passo De Camaragibe;AL
Paulo Jacinto;AL
Penedo;AL
Piacabucu;AL
Pilar;AL
Pindoba;AL
Piranhas;AL
Poco Das Trincheiras;AL
Porto Calvo;AL
Porto De Pedras;AL
Porto Real Do Colegio;AL
Quebrangulo;AL
Rio Largo;AL
Roteiro;AL
Santa Luzia Do Norte;AL
Santana Do Ipanema;AL
Santana Do Mundau;AL
Sao Bras;AL
Sao Jose Da Laje;AL
Sao Jose Da Tapera;AL
Sao Luis Do Quitunde;AL
Sao Miguel Dos Campos;AL
Sao Miguel Dos Milagres;AL
Sao Sebastiao;AL
Satuba;AL
Tanque D'Arca;AL
Taquarana;AL
Traipu;AL
Uniao Dos Palmares;AL
Vicosa;AL
Craibas;AL
Senador Rui Palmeira;AL
Jaiba;MG
Mamonas;MG
Matias Cardoso;MG
Pedras De Maria Da Cruz;MG
Riachinho;MG
Arapora;MG
Lagoa Grande;MG
Guapimirim;RJ
Belford Roxo;RJ
Queimados;RJ
Japeri;RJ
Cardoso Moreira;RJ
Varre-Sai;RJ
Aperibe;RJ
Rio Das Ostras;RJ
Quatis;RJ
Areal;RJ
Comendador Levy Gasparian;RJ
Marechal Floriano;ES
Irupi;ES
Sao Domingos Do Norte;ES
Vila Pavao;ES
Lourdes;SP
Santo Antonio Do Aracangua;SP
Sao Joao De Iracema;SP
Ilha Solteira;SP
Suzanapolis;SP
Canitar;SP
Engenheiro Coelho;SP
Hortolandia;SP
Holambra;SP
Tuiuti;SP
Vargem;SP
Estiva Gerbi;SP
Emilianopolis;SP
Pedrinhas Paulista;SP
Bertioga;SP
Cajati;SP
Ilha Comprida;SP
Ubarana;SP
Zacarias;SP
Elisiario;SP
Marapoama;SP
Novais;SP
Aspasia;SP
Mesopolis;SP
Nova Canaa Paulista;SP
Pontalinda;SP
Parisi;SP
Arapei;SP
Potim;SP
Alambari;SP
Barra Do Chapeu;SP
Campina Do Monte Alegre;SP
Fernando De Noronha;PE
Barauna;RN
Muquem De Sao Francisco;BA
Nova Fatima;BA
Nova Ibia;BA
Nova Redencao;BA
Novo Horizonte;BA
Novo Triunfo;BA
Ourolandia;BA
Pirai Do Norte;BA
Ponto Novo;BA
Presidente Tancredo Neves;BA
Quixabeira;BA
Ribeirao Do Largo;BA
Sao Domingos;BA
Sao Felix Do Coribe;BA
Sao Jose Do Jacuipe;BA
Sao Jose Da Vitoria;BA
Saubara;BA
Serra Do Ramalho;BA
Sitio Do Mato;BA
Sitio Do Quinto;BA
Sobradinho;BA
Umburanas;BA
Varzedo;BA
Vereda;BA
Itaoca;SP
Itapirapua Paulista;SP
Ribeirao Grande;SP
Bom Sucesso De Itarare;SP
Nova Campina;SP
Taquarivai;SP
Aluminio;SP
Aracariguama;SP
Jussari;BA
America Dourada;BA
Arataca;BA
Barro Alto;BA
Buritirama;BA
Capela Do Alto Alegre;BA
Capim Grosso;BA
Canudos;BA
Dias D'Avila;BA
Fatima;BA
Filadelfia;BA
Gaviao;BA
Guajeru;BA
Heliopolis;BA
Joao Dourado;BA
Amparo De Sao Francisco;SE
Aquidaba;SE
Aracaju;SE
Araua;SE
Areia Branca;SE
Barra Dos Coqueiros;SE
Brejo Grande;SE
Boquim;SE
Eunapolis;BA
Campo Do Brito;SE
Canhoba;SE
Caninde De Sao Francisco;SE
Capela;SE
Carira;SE
Carmopolis;SE
Cedro De Sao Joao;SE
Cristinapolis;SE
Nossa Senhora Aparecida;SE
Cumbe;SE
Divina Pastora;SE
Estancia;SE
Feira Nova;SE
Frei Paulo;SE
General Maynard;SE
Gararu;SE
Graccho Cardoso;SE
Ilha Das Flores;SE
Indiaroba;SE
Itabaiana;SE
Itabaianinha;SE
Itabi;SE
Itaporanga D'Ajuda;SE
Japaratuba;SE
Japoata;SE
Lagarto;SE
Laranjeiras;SE
Macambira;SE
Malhada Dos Bois;SE
Malhador;SE
Maruim;SE
Moita Bonita;SE
Monte Alegre De Sergipe;SE
Muribeca;SE
Neopolis;SE
Nossa Senhora Da Gloria;SE
Nossa Senhora Das Dores;SE
Nossa Senhora De Lourdes;SE
Nossa Senhora Do Socorro;SE
Pacatuba;SE
Pedra Mole;SE
Pedrinhas;SE
Pinhao;SE
Pirambu;SE
Poco Redondo;SE
Poco Verde;SE
Porto Da Folha;SE
Propria;SE
Riachao Do Dantas;SE
Riachuelo;SE
Ribeiropolis;SE
Rosario Do Catete;SE
Salgado;SE
Santa Luzia Do Itanhy;SE
Torre De Pedra;SP
Santa Rosa De Lima;SE
Santo Amaro Das Brotas;SE
Sao Cristovao;SE
Sao Domingos;SE
Sao Francisco;SE
Sao Miguel Do Aleixo;SE
Simao Dias;SE
Siriri;SE
Telha;SE
Tobias Barreto;SE
Tomar Do Geru;SE
Umbauba;SE
Adustina;BA
Andorinha;BA
Apuarema;BA
Aracas;BA
Banzae;BA
Bom Jesus Da Serra;BA
Bonito;BA
Cabaceiras Do Paraguacu;BA
Caetanos;BA
Caraibas;BA
Caturama;BA
Feira Da Mata;BA
Igrapiuna;BA
Itabela;BA
Itaguacu Da Bahia;BA
Itatim;BA
Iuiu;BA
Jucurucu;BA
Lagoa Real;BA
Lajedo Do Tabocal;BA
Madre De Deus;BA
Matina;BA
Mirante;BA
Mulungu Do Morro;BA
Abaira;BA
Abare;BA
Acajutiba;BA
Agua Fria;BA
Erico Cardoso;BA
Aiquara;BA
Alagoinhas;BA
Alcobaca;BA
Almadina;BA
Amargosa;BA
Amelia Rodrigues;BA
Anage;BA
Andarai;BA
Angical;BA
Anguera;BA
Antas;BA
Antonio Cardoso;BA
Antonio Goncalves;BA
Apora;BA
Aracatu;BA
Araci;BA
Aramari;BA
Aratuipe;BA
Aurelino Leal;BA
Baianopolis;BA
Baixa Grande;BA
Barra;BA
Barra Da Estiva;BA
Barra Do Choca;BA
Barra Do Mendes;BA
Barra Do Rocha;BA
Barreiras;BA
Barro Preto;BA
Belmonte;BA
Belo Campo;BA
Biritinga;BA
Boa Nova;BA
Boa Vista Do Tupim;BA
Bom Jesus Da Lapa;BA
Boninal;BA
Boquira;BA
Botupora;BA
Brejoes;BA
Brejolandia;BA
Brotas De Macaubas;BA
Brumado;BA
Buerarema;BA
Caatiba;BA
Cachoeira;BA
Cacule;BA
Caem;BA
Caetite;BA
Cafarnaum;BA
Cairu;BA
Caldeirao Grande;BA
Camacan;BA
Camacari;BA
Camamu;BA
Campo Alegre De Lourdes;BA
Campo Formoso;BA
Canapolis;BA
Canarana;BA
Canavieiras;BA
Candeal;BA
Candeias;BA
Candiba;BA
Candido Sales;BA
Cansancao;BA
Caravelas;BA
Cardeal Da Silva;BA
Carinhanha;BA
Casa Nova;BA
Castro Alves;BA
Catolandia;BA
Catu;BA
Central;BA
Chorrocho;BA
Cicero Dantas;BA
Cipo;BA
Coaraci;BA
Cocos;BA
Conceicao Da Feira;BA
Conceicao Do Almeida;BA
Conceicao Do Coite;BA
Conceicao Do Jacuipe;BA
Conde;BA
Condeuba;BA
Contendas Do Sincora;BA
Coracao De Maria;BA
Cordeiros;BA
Coribe;BA
Coronel Joao Sa;BA
Correntina;BA
Cotegipe;BA
Cravolandia;BA
Crisopolis;BA
Cristopolis;BA
Cruz Das Almas;BA
Curaca;BA
Dario Meira;BA
Dom Basilio;BA
Dom Macedo Costa;BA
Elisio Medrado;BA
Encruzilhada;BA
Entre Rios;BA
Esplanada;BA
Euclides Da Cunha;BA
Feira De Santana;BA
Firmino Alves;BA
Floresta Azul;BA
Formosa Do Rio Preto;BA
Gandu;BA
Gentio Do Ouro;BA
Gloria;BA
Gongogi;BA
Governador Mangabeira;BA
Guanambi;BA
Guaratinga;BA
Iacu;BA
Ibiassuce;BA
Ibicarai;BA
Ibicoara;BA
Ibicui;BA
Ibipeba;BA
Santa Rita De Cassia;BA
Ibipitanga;BA
Ibiquera;BA
Ibirapitanga;BA
Ibirapua;BA
Ibirataia;BA
Ibitiara;BA
Ibitita;BA
Ibotirama;BA
Ichu;BA
Igapora;BA
Iguai;BA
Ilheus;BA
Inhambupe;BA
Ipecaeta;BA
Ipiau;BA
Ipira;BA
Ipupiara;BA
Irajuba;BA
Iramaia;BA
Iraquara;BA
Irara;BA
Irece;BA
Itaberaba;BA
Itabuna;BA
Itacare;BA
Itaete;BA
Itagi;BA
Itagiba;BA
Itagimirim;BA
Itaju Do Colonia;BA
Itajuipe;BA
Itamaraju;BA
Itamari;BA
Itambe;BA
Itanagra;BA
Itanhem;BA
Itaparica;BA
Itape;BA
Itapebi;BA
Itapetinga;BA
Itapicuru;BA
Itapitanga;BA
Itaquara;BA
Itarantim;BA
Itirucu;BA
Itiuba;BA
Itororo;BA
Ituacu;BA
Itubera;BA
Jacaraci;BA
Jacobina;BA
Jaguaquara;BA
Jaguarari;BA
Jaguaripe;BA
Jandaira;BA
Jequie;BA
Jeremoabo;BA
Jiquirica;BA
Jitauna;BA
Juazeiro;BA
Jussara;BA
Jussiape;BA
Lafaiete Coutinho;BA
Laje;BA
Lajedao;BA
Lajedinho;BA
Lamarao;BA
Lauro De Freitas;BA
Lencois;BA
Licinio De Almeida;BA
Livramento De Nossa Senhora;BA
Macajuba;BA
Macarani;BA
Macaubas;BA
Macurure;BA
Maiquinique;BA
Mairi;BA
Malhada;BA
Malhada De Pedras;BA
Manoel Vitorino;BA
Maracas;BA
Maragogipe;BA
Marau;BA
Marcionilio Souza;BA
Mascote;BA
Mata De Sao Joao;BA
Medeiros Neto;BA
Miguel Calmon;BA
Milagres;BA
Mirangaba;BA
Monte Santo;BA
Morpara;BA
Morro Do Chapeu;BA
Mortugaba;BA
Mucuge;BA
Mucuri;BA
Mundo Novo;BA
Muniz Ferreira;BA
Muritiba;BA
Mutuipe;BA
Nazare;BA
Nilo Pecanha;BA
Nova Canaa;BA
Nova Itarana;BA
Nova Soure;BA
Nova Vicosa;BA
Olindina;BA
Oliveira Dos Brejinhos;BA
Ouricangas;BA
Palmas De Monte Alto;BA
Palmeiras;BA
Paramirim;BA
Paratinga;BA
Paripiranga;BA
Pau Brasil;BA
Paulo Afonso;BA
Pedrao;BA
Pedro Alexandre;BA
Piata;BA
Pilao Arcado;BA
Pindai;BA
Pindobacu;BA
Piripa;BA
Piritiba;BA
Planaltino;BA
Planalto;BA
Pocoes;BA
Pojuca;BA
Porto Seguro;BA
Potiragua;BA
Prado;BA
Presidente Dutra;BA
Presidente Janio Quadros;BA
Queimadas;BA
Quijingue;BA
Remanso;BA
Retirolandia;BA
Riachao Das Neves;BA
Riachao Do Jacuipe;BA
Riacho De Santana;BA
Ribeira Do Amparo;BA
Ribeira Do Pombal;BA
Rio De Contas;BA
Rio Do Antonio;BA
Rio Do Pires;BA
Rio Real;BA
Rodelas;BA
Ruy Barbosa;BA
Salinas Da Margarida;BA
Salvador;BA
Santa Barbara;BA
Santa Brigida;BA
Santa Cruz Cabralia;BA
Santa Cruz Da Vitoria;BA
Santa Ines;BA
Santaluz;BA
Santa Maria Da Vitoria;BA
Santana;BA
Santanopolis;BA
Santa Teresinha;BA
Santo Amaro;BA
Santo Antonio De Jesus;BA
Santo Estevao;BA
Sao Desiderio;BA
Sao Felix;BA
Sao Felipe;BA
Sao Francisco Do Conde;BA
Sao Goncalo Dos Campos;BA
Sao Miguel Das Matas;BA
Sao Sebastiao Do Passe;BA
Sapeacu;BA
Satiro Dias;BA
Saude;BA
Seabra;BA
Sebastiao Laranjeiras;BA
Senhor Do Bonfim;BA
Sento Se;BA
Serra Dourada;BA
Serra Preta;BA
Serrinha;BA
Serrolandia;BA
Simoes Filho;BA
Souto Soares;BA
Tabocas Do Brejo Velho;BA
Tanhacu;BA
Tanquinho;BA
Taperoa;BA
Tapiramuta;BA
Teodoro Sampaio;BA
Teofilandia;BA
Teolandia;BA
Terra Nova;BA
Tremedal;BA
Tucano;BA
Uaua;BA
Ubaira;BA
Ubaitaba;BA
Ubata;BA
Uibai;BA
Una;BA
Urandi;BA
Urucuca;BA
Utinga;BA
Valenca;BA
Valente;BA
Varzea Do Poco;BA
Vera Cruz;BA
Vitoria Da Conquista;BA
Wagner;BA
Wenceslau Guimaraes;BA
Xique-Xique;BA
Lapao;BA
Maetinga;BA
Mansidao;BA
Nordestina;BA
Pe De Serra;BA
Pintadas;BA
Rafael Jambeiro;BA
Santa Luzia;BA
Sao Gabriel;BA
Tanque Novo;BA
Teixeira De Freitas;BA
Varzea Nova;BA
Varzea Da Roca;BA
Wanderley;BA
Abadia Dos Dourados;MG
Abaete;MG
Abre Campo;MG
Acaiaca;MG
Acucena;MG
Agua Boa;MG
Agua Comprida;MG
Aguanil;MG
Aguas Formosas;MG
Aguas Vermelhas;MG
Aimores;MG
Aiuruoca;MG
Alagoa;MG
Albertina;MG
Alem Paraiba;MG
Alfenas;MG
Almenara;MG
Alpercata;MG
Alpinopolis;MG
Alterosa;MG
Alto Rio Doce;MG
Alvarenga;MG
Alvinopolis;MG
Alvorada De Minas;MG
Amparo Da Serra;MG
Andradas;MG
Cachoeira De Pajeu;MG
Andrelandia;MG
Antonio Carlos;MG
Antonio Dias;MG
Antonio Prado De Minas;MG
Aracai;MG
Aracitaba;MG
Aracuai;MG
Araguari;MG
Arantina;MG
Araponga;MG
Arapua;MG
Araujos;MG
Araxa;MG
Arceburgo;MG
Arcos;MG
Areado;MG
Argirita;MG
Arinos;MG
Astolfo Dutra;MG
Ataleia;MG
Augusto De Lima;MG
Baependi;MG
Baldim;MG
Bambui;MG
Bandeira;MG
Bandeira Do Sul;MG
Barao De Cocais;MG
Barao Do Monte Alto;MG
Barbacena;MG
Barra Longa;MG
Tres Marias;MG
Barroso;MG
Bela Vista De Minas;MG
Belmiro Braga;MG
Belo Horizonte;MG
Belo Oriente;MG
Belo Vale;MG
Berilo;MG
Bertopolis;MG
Betim;MG
Bias Fortes;MG
Bicas;MG
Biquinhas;MG
Boa Esperanca;MG
Bocaina De Minas;MG
Bocaiuva;MG
Bom Despacho;MG
Bom Jardim De Minas;MG
Bom Jesus Da Penha;MG
Bom Jesus Do Amparo;MG
Bom Jesus Do Galho;MG
Bom Repouso;MG
Bom Sucesso;MG
Bonfim;MG
Bonfinopolis De Minas;MG
Borda Da Mata;MG
Botelhos;MG
Botumirim;MG
Brasilia De Minas;MG
Bras Pires;MG
Braunas;MG
Brasopolis;MG
Brumadinho;MG
Bueno Brandao;MG
Buenopolis;MG
Buritis;MG
Buritizeiro;MG
Cabo Verde;MG
Cachoeira Da Prata;MG
Cachoeira De Minas;MG
Cachoeira Dourada;MG
Caetanopolis;MG
Caete;MG
Caiana;MG
Cajuri;MG
Caldas;MG
Camacho;MG
Camanducaia;MG
Cambui;MG
Cambuquira;MG
Campanario;MG
Campanha;MG
Campestre;MG
Campina Verde;MG
Campo Belo;MG
Campo Do Meio;MG
Campo Florido;MG
Campos Altos;MG
Campos Gerais;MG
Canaa;MG
Canapolis;MG
Cana Verde;MG
Candeias;MG
Caparao;MG
Capela Nova;MG
Capelinha;MG
Capetinga;MG
Capim Branco;MG
Capinopolis;MG
Capitao Eneas;MG
Capitolio;MG
Caputira;MG
Carai;MG
Caranaiba;MG
Carandai;MG
Carangola;MG
Caratinga;MG
Carbonita;MG
Careacu;MG
Carlos Chagas;MG
Carmesia;MG
Carmo Da Cachoeira;MG
Carmo Da Mata;MG
Carmo De Minas;MG
Carmo Do Cajuru;MG
Carmo Do Paranaiba;MG
Carmo Do Rio Claro;MG
Carmopolis De Minas;MG
Carrancas;MG
Carvalhopolis;MG
Carvalhos;MG
Casa Grande;MG
Cascalho Rico;MG
Cassia;MG
Conceicao Da Barra De Minas;MG
Cataguases;MG
Catas Altas Da Noruega;MG
Caxambu;MG
Cedro Do Abaete;MG
Central De Minas;MG
Centralina;MG
Chacara;MG
Chale;MG
Chapada Do Norte;MG
Chiador;MG
Cipotanea;MG
Claraval;MG
Claro Dos Pocoes;MG
Claudio;MG
Coimbra;MG
Coluna;MG
Comendador Gomes;MG
Comercinho;MG
Conceicao Da Aparecida;MG
Conceicao Das Pedras;MG
Conceicao Das Alagoas;MG
Conceicao De Ipanema;MG
Conceicao Do Mato Dentro;MG
Conceicao Do Para;MG
Conceicao Do Rio Verde;MG
Conceicao Dos Ouros;MG
Congonhal;MG
Congonhas;MG
Congonhas Do Norte;MG
Conquista;MG
Conselheiro Lafaiete;MG
Conselheiro Pena;MG
Consolacao;MG
Contagem;MG
Coqueiral;MG
Coracao De Jesus;MG
Cordisburgo;MG
Cordislandia;MG
Corinto;MG
Coroaci;MG
Coromandel;MG
Coronel Fabriciano;MG
Coronel Murta;MG
Coronel Pacheco;MG
Coronel Xavier Chaves;MG
Corrego Danta;MG
Corrego Do Bom Jesus;MG
Corrego Novo;MG
Couto De Magalhaes De Minas;MG
Cristais;MG
Cristalia;MG
Cristiano Otoni;MG
Cristina;MG
Crucilandia;MG
Cruzeiro Da Fortaleza;MG
Cruzilia;MG
Curvelo;MG
Datas;MG
Delfim Moreira;MG
Delfinopolis;MG
Descoberto;MG
Desterro De Entre Rios;MG
Desterro Do Melo;MG
Diamantina;MG
Diogo De Vasconcelos;MG
Dionisio;MG
Divinesia;MG
Divino;MG
Divino Das Laranjeiras;MG
Divinolandia De Minas;MG
Divinopolis;MG
Divisa Nova;MG
Dom Cavati;MG
Dom Joaquim;MG
Dom Silverio;MG
Dom Vicoso;MG
Dona Euzebia;MG
Dores De Campos;MG
Dores De Guanhaes;MG
Dores Do Indaia;MG
Dores Do Turvo;MG
Doresopolis;MG
Douradoquara;MG
Eloi Mendes;MG
Engenheiro Caldas;MG
Engenheiro Navarro;MG
Entre Rios De Minas;MG
Ervalia;MG
Esmeraldas;MG
Espera Feliz;MG
Espinosa;MG
Espirito Santo Do Dourado;MG
Estiva;MG
Estrela Dalva;MG
Estrela Do Indaia;MG
Estrela Do Sul;MG
Eugenopolis;MG
Ewbank Da Camara;MG
Extrema;MG
Fama;MG
Faria Lemos;MG
Felicio Dos Santos;MG
Sao Goncalo Do Rio Preto;MG
Felisburgo;MG
Felixlandia;MG
Fernandes Tourinho;MG
Ferros;MG
Florestal;MG
Formiga;MG
Formoso;MG
Fortaleza De Minas;MG
Fortuna De Minas;MG
Francisco Badaro;MG
Francisco Dumont;MG
Francisco Sa;MG
Frei Gaspar;MG
Frei Inocencio;MG
Fronteira;MG
Frutal;MG
Funilandia;MG
Galileia;MG
Goncalves;MG
Gonzaga;MG
Gouveia;MG
Governador Valadares;MG
Grao Mogol;MG
Grupiara;MG
Guanhaes;MG
Guape;MG
Guaraciaba;MG
Guaranesia;MG
Guarani;MG
Guarara;MG
Guarda-Mor;MG
Guaxupe;MG
Guidoval;MG
Guimarania;MG
Guiricema;MG
Gurinhata;MG
Heliodora;MG
Iapu;MG
Ibertioga;MG
Ibia;MG
Ibiai;MG
Ibiraci;MG
Ibirite;MG
Ibitiura De Minas;MG
Ibituruna;MG
Igarape;MG
Igaratinga;MG
Iguatama;MG
Ijaci;MG
Ilicinea;MG
Inconfidentes;MG
Indianopolis;MG
Ingai;MG
Inhapim;MG
Inhauma;MG
Inimutaba;MG
Ipanema;MG
Ipatinga;MG
Ipiacu;MG
Ipuiuna;MG
Irai De Minas;MG
Itabira;MG
Itabirinha;MG
Itabirito;MG
Itacambira;MG
Itacarambi;MG
Itaguara;MG
Itaipe;MG
Itajuba;MG
Itamarandiba;MG
Itamarati De Minas;MG
Itambacuri;MG
Itambe Do Mato Dentro;MG
Itamogi;MG
Itamonte;MG
Itanhandu;MG
Itanhomi;MG
Itaobim;MG
Itapagipe;MG
Itapecerica;MG
Itapeva;MG
Itatiaiucu;MG
Itauna;MG
Itaverava;MG
Itinga;MG
Itueta;MG
Ituiutaba;MG
Itumirim;MG
Iturama;MG
Itutinga;MG
Jaboticatubas;MG
Jacinto;MG
Jacui;MG
Jacutinga;MG
Jaguaracu;MG
Janauba;MG
Januaria;MG
Japaraiba;MG
Jeceaba;MG
Jequeri;MG
Jequitai;MG
Jequitiba;MG
Jequitinhonha;MG
Jesuania;MG
Joaima;MG
Joanesia;MG
Joao Monlevade;MG
Joao Pinheiro;MG
Joaquim Felicio;MG
Jordania;MG
Nova Uniao;MG
Juiz De Fora;MG
Juramento;MG
Juruaia;MG
Ladainha;MG
Lagamar;MG
Lagoa Da Prata;MG
Lagoa Dos Patos;MG
Lagoa Dourada;MG
Lagoa Formosa;MG
Lagoa Santa;MG
Lajinha;MG
Lambari;MG
Lamim;MG
Laranjal;MG
Lassance;MG
Lavras;MG
Leandro Ferreira;MG
Leopoldina;MG
Liberdade;MG
Lima Duarte;MG
Luminarias;MG
Luz;MG
Machacalis;MG
Machado;MG
Madre De Deus De Minas;MG
Malacacheta;MG
Manga;MG
Manhuacu;MG
Manhumirim;MG
Mantena;MG
Maravilhas;MG
Mar De Espanha;MG
Maria Da Fe;MG
Mariana;MG
Marilac;MG
Maripa De Minas;MG
Marlieria;MG
Marmelopolis;MG
Martinho Campos;MG
Materlandia;MG
Mateus Leme;MG
Matias Barbosa;MG
Matipo;MG
Mato Verde;MG
Matozinhos;MG
Matutina;MG
Medeiros;MG
Medina;MG
Mendes Pimentel;MG
Merces;MG
Mesquita;MG
Minas Novas;MG
Minduri;MG
Mirabela;MG
Miradouro;MG
Mirai;MG
Moeda;MG
Moema;MG
Monjolos;MG
Monsenhor Paulo;MG
Montalvania;MG
Monte Alegre De Minas;MG
Monte Azul;MG
Monte Belo;MG
Monte Carmelo;MG
Monte Santo De Minas;MG
Montes Claros;MG
Monte Siao;MG
Morada Nova De Minas;MG
Morro Da Garca;MG
Morro Do Pilar;MG
Munhoz;MG
Muriae;MG
Mutum;MG
Muzambinho;MG
Nacip Raydan;MG
Nanuque;MG
Natercia;MG
Nazareno;MG
Nepomuceno;MG
Nova Era;MG
Nova Lima;MG
Nova Modica;MG
Nova Ponte;MG
Nova Resende;MG
Nova Serrana;MG
Novo Cruzeiro;MG
Olaria;MG
Olimpio Noronha;MG
Oliveira;MG
Oliveira Fortes;MG
Onca De Pitangui;MG
Ouro Branco;MG
Ouro Fino;MG
Ouro Preto;MG
Ouro Verde De Minas;MG
Padre Paraiso;MG
Paineiras;MG
Pains;MG
Paiva;MG
Palma;MG
Fronteira Dos Vales;MG
Papagaios;MG
Paracatu;MG
Para De Minas;MG
Paraguacu;MG
Paraisopolis;MG
Paraopeba;MG
Passabem;MG
Passa Quatro;MG
Passa Tempo;MG
Passa Vinte;MG
Passos;MG
Patos De Minas;MG
Patrocinio;MG
Patrocinio Do Muriae;MG
Paula Candido;MG
Paulistas;MG
Pavao;MG
Pecanha;MG
Pedra Azul;MG
Pedra Do Anta;MG
Pedra Do Indaia;MG
Pedra Dourada;MG
Pedralva;MG
Pedrinopolis;MG
Pedro Leopoldo;MG
Pedro Teixeira;MG
Pequeri;MG
Pequi;MG
Perdigao;MG
Perdizes;MG
Perdoes;MG
Pescador;MG
Piau;MG
Piedade De Ponte Nova;MG
Piedade Do Rio Grande;MG
Piedade Dos Gerais;MG
Pimenta;MG
Piracema;MG
Pirajuba;MG
Piranga;MG
Pirangucu;MG
Piranguinho;MG
Pirapetinga;MG
Pirapora;MG
Pirauba;MG
Pitangui;MG
Piumhi;MG
Planura;MG
Poco Fundo;MG
Pocos De Caldas;MG
Pocrane;MG
Pompeu;MG
Ponte Nova;MG
Porteirinha;MG
Porto Firme;MG
Pote;MG
Pouso Alegre;MG
Pouso Alto;MG
Prados;MG
Prata;MG
Pratapolis;MG
Pratinha;MG
Presidente Bernardes;MG
Presidente Juscelino;MG
Presidente Kubitschek;MG
Presidente Olegario;MG
Alto Jequitiba;MG
Prudente De Morais;MG
Quartel Geral;MG
Queluzito;MG
Raposos;MG
Raul Soares;MG
Recreio;MG
Resende Costa;MG
Resplendor;MG
Ressaquinha;MG
Riacho Dos Machados;MG
Ribeirao Das Neves;MG
Ribeirao Vermelho;MG
Rio Acima;MG
Rio Casca;MG
Rio Doce;MG
Rio Do Prado;MG
Rio Espera;MG
Rio Manso;MG
Rio Novo;MG
Rio Paranaiba;MG
Rio Pardo De Minas;MG
Rio Piracicaba;MG
Rio Pomba;MG
Rio Preto;MG
Rio Vermelho;MG
Ritapolis;MG
Rochedo De Minas;MG
Rodeiro;MG
Romaria;MG
Rubelita;MG
Rubim;MG
Sabara;MG
Sabinopolis;MG
Sacramento;MG
Salinas;MG
Salto Da Divisa;MG
Santa Barbara;MG
Santa Barbara Do Tugurio;MG
Santa Cruz Do Escalvado;MG
Santa Efigenia De Minas;MG
Santa Fe De Minas;MG
Santa Juliana;MG
Santa Luzia;MG
Santa Margarida;MG
Santa Maria De Itabira;MG
Santa Maria Do Salto;MG
Santa Maria Do Suacui;MG
Santana Da Vargem;MG
Santana De Cataguases;MG
Santana De Pirapama;MG
Santana Do Deserto;MG
Santana Do Garambeu;MG
Santana Do Jacare;MG
Santana Do Manhuacu;MG
Santana Do Riacho;MG
Santana Dos Montes;MG
Santa Rita De Caldas;MG
Santa Rita De Jacutinga;MG
Santa Rita De Ibitipoca;MG
Santa Rita Do Itueto;MG
Santa Rita Do Sapucai;MG
Santa Rosa Da Serra;MG
Santa Vitoria;MG
Santo Antonio Do Amparo;MG
Santo Antonio Do Aventureiro;MG
Santo Antonio Do Grama;MG
Santo Antonio Do Itambe;MG
Santo Antonio Do Jacinto;MG
Santo Antonio Do Monte;MG
Santo Antonio Do Rio Abaixo;MG
Santo Hipolito;MG
Santos Dumont;MG
Sao Bento Abade;MG
Sao Bras Do Suacui;MG
Sao Domingos Do Prata;MG
Sao Francisco;MG
Sao Francisco De Paula;MG
Sao Francisco De Sales;MG
Sao Francisco Do Gloria;MG
Sao Geraldo;MG
Sao Geraldo Da Piedade;MG
Sao Goncalo Do Abaete;MG
Sao Goncalo Do Para;MG
Sao Goncalo Do Rio Abaixo;MG
Sao Goncalo Do Sapucai;MG
Sao Gotardo;MG
Sao Joao Batista Do Gloria;MG
Sao Joao Da Mata;MG
Sao Joao Da Ponte;MG
Sao Joao Del Rei;MG
Sao Joao Do Oriente;MG
Sao Joao Do Paraiso;MG
Sao Joao Evangelista;MG
Sao Joao Nepomuceno;MG
Sao Jose Da Safira;MG
Sao Jose Da Varginha;MG
Sao Jose Do Alegre;MG
Sao Jose Do Divino;MG
Sao Jose Do Goiabal;MG
Sao Jose Do Jacuri;MG
Sao Jose Do Mantimento;MG
Sao Lourenco;MG
Sao Miguel Do Anta;MG
Sao Pedro Da Uniao;MG
Sao Pedro Dos Ferros;MG
Sao Pedro Do Suacui;MG
Sao Romao;MG
Sao Roque De Minas;MG
Sao Sebastiao Da Bela Vista;MG
Sao Sebastiao Do Maranhao;MG
Sao Sebastiao Do Oeste;MG
Sao Sebastiao Do Paraiso;MG
Sao Sebastiao Do Rio Preto;MG
Sao Sebastiao Do Rio Verde;MG
Sao Tiago;MG
Sao Tomas De Aquino;MG
Sao Tome Das Letras;MG
Sao Vicente De Minas;MG
Sapucai-Mirim;MG
Sardoa;MG
Senador Cortes;MG
Senador Firmino;MG
Senador Jose Bento;MG
Senador Modestino Goncalves;MG
Senhora De Oliveira;MG
Senhora Do Porto;MG
Senhora Dos Remedios;MG
Sericita;MG
Seritinga;MG
Serra Azul De Minas;MG
Serra Da Saudade;MG
Serra Dos Aimores;MG
Serra Do Salitre;MG
Serrania;MG
Serranos;MG
Serro;MG
Sete Lagoas;MG
Silveirania;MG
Silvianopolis;MG
Simao Pereira;MG
Simonesia;MG
Sobralia;MG
Soledade De Minas;MG
Tabuleiro;MG
Taiobeiras;MG
Tapira;MG
Tapirai;MG
Taquaracu De Minas;MG
Tarumirim;MG
Teixeiras;MG
Teofilo Otoni;MG
Timoteo;MG
Tiradentes;MG
Tiros;MG
Tocantins;MG
Toledo;MG
Tombos;MG
Tres Coracoes;MG
Tres Pontas;MG
Tumiritinga;MG
Tupaciguara;MG
Turmalina;MG
Turvolandia;MG
Uba;MG
Ubai;MG
Uberaba;MG
Uberlandia;MG
Umburatiba;MG
Unai;MG
Urucania;MG
Vargem Bonita;MG
Varginha;MG
Varzea Da Palma;MG
Varzelandia;MG
Vazante;MG
Wenceslau Braz;MG
Verissimo;MG
Vespasiano;MG
Vicosa;MG
Vieiras;MG
Mathias Lobato;MG
Virgem Da Lapa;MG
Virginia;MG
Virginopolis;MG
Virgolandia;MG
Visconde Do Rio Branco;MG
Volta Grande;MG
Saltinho;SP
Sao Lourenco Da Serra;SP
Doutor Ulysses;PR
Itaperucu;PR
Pinhais;PR
Tunas Do Parana;PR
Nova Santa Barbara;PR
Maua Da Serra;PR
Pitangueiras;PR
Anahy;PR
Diamante Do Sul;PR
Iguatu;PR
Santa Lucia;PR
Boa Esperanca Do Iguacu;PR
Cruzeiro Do Iguacu;PR
Flor Da Serra Do Sul;PR
Nova Esperanca Do Sudoeste;PR
Nova Laranjeiras;PR
Rio Bonito Do Iguacu;PR
Virmond;PR
Iracema Do Oeste;PR
Maripa;PR
Sao Pedro Do Iguacu;PR
Cafezal Do Sul;PR
Saudade Do Iguacu;PR
Pinhal De Sao Bento;PR
Ventania;PR
Candoi;PR
Laranjal;PR
Mato Rico;PR
Santa Maria Do Oeste;PR
Lidianopolis;PR
Angulo;PR
Farol;PR
Rancho Alegre D'Oeste;PR
Sao Manoel Do Parana;PR
Novo Itacolomi;PR
Santa Monica;PR
Brasilandia Do Sul;PR
Alto Paraiso;PR
Itaipulandia;PR
Ramilandia;PR
Entre Rios Do Oeste;PR
Mercedes;PR
Pato Bragado;PR
Quatro Pontes;PR
Bombinhas;SC
Morro Grande;SC
Passo De Torres;SC
Cocal Do Sul;SC
Capivari De Baixo;SC
Sangao;SC
Balneario Barra Do Sul;SC
Sao Joao Do Itaperiu;SC
Calmon;SC
Santa Terezinha;SC
Braco Do Trombudo;SC
Mirim Doce;SC
Monte Carlo;SC
Vargem;SC
Vargem Bonita;SC
Cerro Negro;SC
Ponte Alta Do Norte;SC
Rio Rufino;SC
Sao Cristovao Do Sul;SC
Macieira;SC
Aguas Frias;SC
Cordilheira Alta;SC
Formosa Do Sul;SC
Guatambu;SC
Irati;SC
Jardinopolis;SC
Nova Itaberaba;SC
Novo Horizonte;SC
Planalto Alegre;SC
Sul Brasil;SC
Arabuta;SC
Arvoredo;SC
Afonso Claudio;ES
Alegre;ES
Alfredo Chaves;ES
Anchieta;ES
Apiaca;ES
Aracruz;ES
Atilio Vivacqua;ES
Baixo Guandu;ES
Barra De Sao Francisco;ES
Boa Esperanca;ES
Bom Jesus Do Norte;ES
Cachoeiro De Itapemirim;ES
Cariacica;ES
Castelo;ES
Colatina;ES
Conceicao Da Barra;ES
Conceicao Do Castelo;ES
Divino De Sao Lourenco;ES
Domingos Martins;ES
Dores Do Rio Preto;ES
Ecoporanga;ES
Fundao;ES
Guacui;ES
Guarapari;ES
Ibiracu;ES
Iconha;ES
Itaguacu;ES
Itapemirim;ES
Itarana;ES
Iuna;ES
Jeronimo Monteiro;ES
Linhares;ES
Mantenopolis;ES
Mimoso Do Sul;ES
Montanha;ES
Mucurici;ES
Muniz Freire;ES
Muqui;ES
Nova Venecia;ES
Pancas;ES
Pinheiros;ES
Piuma;ES
Presidente Kennedy;ES
Rio Novo Do Sul;ES
Santa Leopoldina;ES
Santa Teresa;ES
Sao Gabriel Da Palha;ES
Sao Jose Do Calcado;ES
Sao Mateus;ES
Serra;ES
Viana;ES
Vila Velha;ES
Vitoria;ES
Marilandia;ES
Ibatiba;ES
Rio Bananal;ES
Jaguare;ES
Pedro Canario;ES
Agua Doce Do Norte;ES
Alto Rio Novo;ES
Joao Neiva;ES
Laranja Da Terra;ES
Santa Maria De Jetiba;ES
Vargem Alta;ES
Venda Nova Do Imigrante;ES
Itau De Minas;MG
Aguia Branca;ES
Coronel Martins;SC
Ipuacu;SC
Lajeado Grande;SC
Ouro Verde;SC
Passos Maia;SC
Belmonte;SC
Paraiso;SC
Riqueza;SC
Santa Helena;SC
Sao Joao Do Oeste;SC
Sao Miguel Da Boa Vista;SC
Nova Santa Rita;RS
Mariana Pimentel;RS
Sertao Santana;RS
Gramado Xavier;RS
Passo Do Sobrado;RS
Sinimbu;RS
Vale Do Sol;RS
Barao Do Triunfo;RS
Minas Do Leao;RS
Morrinhos Do Sul;RS
Tres Forquilhas;RS
Arambare;RS
Sentinela Do Sul;RS
Maquine;RS
Xangri-La;RS
Pinhal Grande;RS
Quevedos;RS
Sao Joao Do Polesine;RS
Sao Martinho Da Serra;RS
Vila Nova Do Sul;RS
Coxilha;RS
Gentil;RS
Angra Dos Reis;RJ
Araruama;RJ
Barra Do Pirai;RJ
Barra Mansa;RJ
Bom Jardim;RJ
Bom Jesus Do Itabapoana;RJ
Cabo Frio;RJ
Cachoeiras De Macacu;RJ
Cambuci;RJ
Campos Dos Goytacazes;RJ
Cantagalo;RJ
Carmo;RJ
Casimiro De Abreu;RJ
Conceicao De Macabu;RJ
Cordeiro;RJ
Duas Barras;RJ
Duque De Caxias;RJ
Engenheiro Paulo De Frontin;RJ
Itaborai;RJ
Itaguai;RJ
Itaocara;RJ
Itaperuna;RJ
Laje Do Muriae;RJ
Macae;RJ
Mage;RJ
Mangaratiba;RJ
Marica;RJ
Mendes;RJ
Miguel Pereira;RJ
Miracema;RJ
Natividade;RJ
Nilopolis;RJ
Niteroi;RJ
Nova Friburgo;RJ
Nova Iguacu;RJ
Paracambi;RJ
Paraiba Do Sul;RJ
Parati;RJ
Petropolis;RJ
Pirai;RJ
Porciuncula;RJ
Resende;RJ
Rio Bonito;RJ
Rio Claro;RJ
Rio Das Flores;RJ
Santa Maria Madalena;RJ
Santo Antonio De Padua;RJ
Sao Fidelis;RJ
Sao Goncalo;RJ
Sao Joao Da Barra;RJ
Sao Joao De Meriti;RJ
Sao Pedro Da Aldeia;RJ
Sao Sebastiao Do Alto;RJ
Sapucaia;RJ
Saquarema;RJ
Silva Jardim;RJ
Sumidouro;RJ
Teresopolis;RJ
Trajano De Moraes;RJ
Tres Rios;RJ
Valenca;RJ
Vassouras;RJ
Volta Redonda;RJ
Arraial Do Cabo;RJ
Italva;RJ
Mato Castelhano;RS
Mormaco;RS
Muliterno;RS
Nicolau Vergueiro;RS
Pontao;RS
Santo Antonio Do Palma;RS
Barra Funda;RS
Coqueiros Do Sul;RS
Engenho Velho;RS
Gramado Dos Loureiros;RS
Lagoa Dos Tres Cantos;RS
Nova Boa Vista;RS
Rio Dos Indios;RS
Santo Antonio Do Planalto;RS
Barra Do Rio Azul;RS
Carlos Gomes;RS
Centenario;RS
Charrua;RS
Ponte Preta;RS
Ametista Do Sul;RS
Dois Irmaos Das Missoes;RS
Novo Tiradentes;RS
Pinheirinho Do Vale;RS
Santo Expedito Do Sul;RS
Tupanci Do Sul;RS
Boa Vista Das Missoes;RS
Lajeado Do Bugre;RS
Novo Barreiro;RS
Sagrada Familia;RS
Sao Jose Das Missoes;RS
Nova Padua;RS
Monte Belo Do Sul;RS
Santa Tereza;RS
Sao Valentim Do Sul;RS
Uniao Da Serra;RS
Rio De Janeiro;RJ
Itatiaia;RJ
Paty Do Alferes;RJ
Quissama;RJ
Sao Jose Do Vale Do Rio Preto;RJ
Ibitirama;ES
Campestre Da Serra;RS
Sao Jose Dos Ausentes;RS
Lindolfo Collor;RS
Morro Reuter;RS
Picada Cafe;RS
Presidente Lucena;RS
Capitao;RS
Itapuca;RS
Colinas;RS
Mato Leitao;RS
Santa Clara Do Sul;RS
Serio;RS
Travesseiro;RS
Marata;RS
Pareci Novo;RS
Sao Pedro Da Serra;RS
Alto Feliz;RS
Linha Nova;RS
Vale Real;RS
Inhacora;RS
Vitoria Das Missoes;RS
Coronel Barros;RS
Novo Machado;RS
Sao Jose Do Inhacora;RS
Salvador Das Missoes;RS
Sao Pedro Do Butia;RS
Porto Maua;RS
Porto Vera Cruz;RS
Barra Do Guarita;RS
Bom Progresso;RS
Derrubadas;RS
Sao Valerio Do Sul;RS
Tiradentes Do Sul;RS
Manoel Viana;RS
Garruchos;RS
Candiota;RS
Hulha Negra;RS
Sao Jose Do Povo;MT
Adamantina;SP
Adolfo;SP
Aguai;SP
Aguas Da Prata;SP
Aguas De Lindoia;SP
Aguas De Sao Pedro;SP
Agudos;SP
Alfredo Marcondes;SP
Altair;SP
Altinopolis;SP
Alto Alegre;SP
Alvares Florence;SP
Alvares Machado;SP
Alvaro De Carvalho;SP
Alvinlandia;SP
Americana;SP
Americo Brasiliense;SP
Americo De Campos;SP
Amparo;SP
Analandia;SP
Andradina;SP
Angatuba;SP
Anhembi;SP
Anhumas;SP
Aparecida;SP
Aparecida D'Oeste;SP
Apiai;SP
Aracatuba;SP
Aracoiaba Da Serra;SP
Aramina;SP
Arandu;SP
Araraquara;SP
Araras;SP
Arealva;SP
Areias;SP
Areiopolis;SP
Ariranha;SP
Artur Nogueira;SP
Aruja;SP
Assis;SP
Atibaia;SP
Auriflama;SP
Avai;SP
Avanhandava;SP
Avare;SP
Bady Bassitt;SP
Balbinos;SP
Balsamo;SP
Bananal;SP
Barbosa;SP
Barao De Antonina;SP
Bariri;SP
Barra Bonita;SP
Barra Do Turvo;SP
Barretos;SP
Barrinha;SP
Barueri;SP
Bastos;SP
Batatais;SP
Bauru;SP
Bebedouro;SP
Bento De Abreu;SP
Bernardino De Campos;SP
Bilac;SP
Birigui;SP
Biritiba-Mirim;SP
Boa Esperanca Do Sul;SP
Bocaina;SP
Bofete;SP
Boituva;SP
Bom Jesus Dos Perdoes;SP
Bora;SP
Boraceia;SP
Borborema;SP
Botucatu;SP
Braganca Paulista;SP
Brauna;SP
Brodowski;SP
Brotas;SP
Buri;SP
Buritama;SP
Buritizal;SP
Cabralia Paulista;SP
Cabreuva;SP
Cacapava;SP
Cachoeira Paulista;SP
Caconde;SP
Cafelandia;SP
Caiabu;SP
Caieiras;SP
Caiua;SP
Cajamar;SP
Cajobi;SP
Cajuru;SP
Campinas;SP
Campo Limpo Paulista;SP
Campos Do Jordao;SP
Campos Novos Paulista;SP
Cananeia;SP
Candido Mota;SP
Candido Rodrigues;SP
Capao Bonito;SP
Capela Do Alto;SP
Capivari;SP
Caraguatatuba;SP
Carapicuiba;SP
Cardoso;SP
Casa Branca;SP
Cassia Dos Coqueiros;SP
Castilho;SP
Catanduva;SP
Catigua;SP
Cedral;SP
Cerqueira Cesar;SP
Cerquilho;SP
Cesario Lange;SP
Charqueada;SP
Chavantes;SP
Clementina;SP
Colina;SP
Colombia;SP
Conchal;SP
Conchas;SP
Cordeiropolis;SP
Coroados;SP
Coronel Macedo;SP
Corumbatai;SP
Cosmopolis;SP
Cosmorama;SP
Cotia;SP
Cravinhos;SP
Cristais Paulista;SP
Cruzalia;SP
Cruzeiro;SP
Cubatao;SP
Cunha;SP
Descalvado;SP
Diadema;SP
Divinolandia;SP
Dobrada;SP
Dois Corregos;SP
Dolcinopolis;SP
Dourado;SP
Dracena;SP
Duartina;SP
Dumont;SP
Echapora;SP
Eldorado;SP
Elias Fausto;SP
Embu Das Artes;SP
Embu-Guacu;SP
Estrela D'Oeste;SP
Estrela Do Norte;SP
Fartura;SP
Fernandopolis;SP
Fernando Prestes;SP
Ferraz De Vasconcelos;SP
Flora Rica;SP
Floreal;SP
Florida Paulista;SP
Florinea;SP
Franca;SP
Francisco Morato;SP
Franco Da Rocha;SP
Gabriel Monteiro;SP
Galia;SP
Garca;SP
Gastao Vidigal;SP
General Salgado;SP
Getulina;SP
Glicerio;SP
Guaicara;SP
Guaimbe;SP
Guaira;SP
Guapiacu;SP
Guapiara;SP
Guara;SP
Guaracai;SP
Guaraci;SP
Guarani D'Oeste;SP
Guaranta;SP
Guararapes;SP
Guararema;SP
Guaratingueta;SP
Guarei;SP
Guariba;SP
Guaruja;SP
Guarulhos;SP
Guzolandia;SP
Herculandia;SP
Iacanga;SP
Iacri;SP
Ibate;SP
Ibira;SP
Ibirarema;SP
Ibitinga;SP
Ibiuna;SP
Icem;SP
Iepe;SP
Igaracu Do Tiete;SP
Igarapava;SP
Igarata;SP
Iguape;SP
Ilhabela;SP
Indaiatuba;SP
Indiana;SP
Indiapora;SP
Inubia Paulista;SP
Ipaussu;SP
Ipero;SP
Ipeuna;SP
Iporanga;SP
Ipua;SP
Iracemapolis;SP
Irapua;SP
Irapuru;SP
Itabera;SP
Itai;SP
Itajobi;SP
Itaju;SP
Itanhaem;SP
Itapecerica Da Serra;SP
Itapetininga;SP
Itapeva;SP
Itapevi;SP
Itapira;SP
Itapolis;SP
Itaporanga;SP
Itapui;SP
Itapura;SP
Itaquaquecetuba;SP
Itarare;SP
Itariri;SP
Itatiba;SP
Itatinga;SP
Itirapina;SP
Itirapua;SP
Itobi;SP
Itu;SP
Itupeva;SP
Ituverava;SP
Jaborandi;SP
Jaboticabal;SP
Jacarei;SP
Jaci;SP
Jacupiranga;SP
Jaguariuna;SP
Jales;SP
Jambeiro;SP
Jandira;SP
Jardinopolis;SP
Jarinu;SP
Jau;SP
Jeriquara;SP
Joanopolis;SP
Joao Ramalho;SP
Jose Bonifacio;SP
Julio Mesquita;SP
Jundiai;SP
Junqueiropolis;SP
Juquia;SP
Juquitiba;SP
Lagoinha;SP
Laranjal Paulista;SP
Lavinia;SP
Lavrinhas;SP
Leme;SP
Lencois Paulista;SP
Limeira;SP
Lindoia;SP
Lins;SP
Lorena;SP
Louveira;SP
Lucelia;SP
Lucianopolis;SP
Luis Antonio;SP
Luiziania;SP
Lupercio;SP
Lutecia;SP
Macatuba;SP
Macaubal;SP
Macedonia;SP
Magda;SP
Mairinque;SP
Mairipora;SP
Manduri;SP
Maraba Paulista;SP
Maracai;SP
Mariapolis;SP
Marilia;SP
Marinopolis;SP
Martinopolis;SP
Matao;SP
Maua;SP
Mendonca;SP
Meridiano;SP
Miguelopolis;SP
Mineiros Do Tiete;SP
Miracatu;SP
Mira Estrela;SP
Mirandopolis;SP
Mirante Do Paranapanema;SP
Mirassol;SP
Mirassolandia;SP
Mococa;SP
Mogi Das Cruzes;SP
Mogi-Guacu;SP
Mogi Mirim;SP
Mombuca;SP
Moncoes;SP
Mongagua;SP
Monte Alegre Do Sul;SP
Monte Alto;SP
Monte Aprazivel;SP
Monte Azul Paulista;SP
Monte Castelo;SP
Monteiro Lobato;SP
Monte Mor;SP
Morro Agudo;SP
Morungaba;SP
Murutinga Do Sul;SP
Narandiba;SP
Natividade Da Serra;SP
Nazare Paulista;SP
Neves Paulista;SP
Nhandeara;SP
Nipoa;SP
Nova Alianca;SP
Nova Europa;SP
Nova Granada;SP
Nova Guataporanga;SP
Nova Independencia;SP
Nova Luzitania;SP
Nova Odessa;SP
Novo Horizonte;SP
Nuporanga;SP
Ocaucu;SP
Oleo;SP
Olimpia;SP
Onda Verde;SP
Oriente;SP
Orindiuva;SP
Orlandia;SP
Osasco;SP
Oscar Bressane;SP
Osvaldo Cruz;SP
Ourinhos;SP
Ouro Verde;SP
Pacaembu;SP
Palestina;SP
Palmares Paulista;SP
Palmeira D'Oeste;SP
Palmital;SP
Panorama;SP
Paraguacu Paulista;SP
Paraibuna;SP
Paraiso;SP
Paranapanema;SP
Paranapua;SP
Parapua;SP
Pardinho;SP
Pariquera-Acu;SP
Patrocinio Paulista;SP
Pauliceia;SP
Paulinia;SP
Paulo De Faria;SP
Pederneiras;SP
Pedra Bela;SP
Pedranopolis;SP
Pedregulho;SP
Pedreira;SP
Pedro De Toledo;SP
Penapolis;SP
Pereira Barreto;SP
Pereiras;SP
Peruibe;SP
Piacatu;SP
Piedade;SP
Pilar Do Sul;SP
Pindamonhangaba;SP
Pindorama;SP
Espirito Santo Do Pinhal;SP
Pinhalzinho;SP
Piquerobi;SP
Piquete;SP
Piracaia;SP
Piracicaba;SP
Piraju;SP
Pirajui;SP
Pirangi;SP
Pirapora Do Bom Jesus;SP
Pirapozinho;SP
Pirassununga;SP
Piratininga;SP
Pitangueiras;SP
Planalto;SP
Platina;SP
Poa;SP
Poloni;SP
Pompeia;SP
Pongai;SP
Pontal;SP
Pontes Gestal;SP
Populina;SP
Porangaba;SP
Porto Feliz;SP
Porto Ferreira;SP
Potirendaba;SP
Pradopolis;SP
Praia Grande;SP
Presidente Alves;SP
Presidente Bernardes;SP
Presidente Epitacio;SP
Presidente Prudente;SP
Presidente Venceslau;SP
Promissao;SP
Quata;SP
Queiroz;SP
Queluz;SP
Quintana;SP
Rafard;SP
Rancharia;SP
Redencao Da Serra;SP
Regente Feijo;SP
Reginopolis;SP
Registro;SP
Restinga;SP
Ribeira;SP
Ribeirao Bonito;SP
Ribeirao Branco;SP
Ribeirao Corrente;SP
Ribeirao Do Sul;SP
Ribeirao Pires;SP
Ribeirao Preto;SP
Riversul;SP
Rifaina;SP
Rincao;SP
Rinopolis;SP
Rio Claro;SP
Rio Das Pedras;SP
Rio Grande Da Serra;SP
Riolandia;SP
Roseira;SP
Rubiacea;SP
Rubineia;SP
Sabino;SP
Sagres;SP
Sales;SP
Sales Oliveira;SP
Salesopolis;SP
Salmourao;SP
Salto;SP
Salto De Pirapora;SP
Salto Grande;SP
Sandovalina;SP
Santa Adelia;SP
Santa Albertina;SP
Santa Barbara D'Oeste;SP
Aguas De Santa Barbara;SP
Santa Branca;SP
Santa Clara D'Oeste;SP
Santa Cruz Da Conceicao;SP
Santa Cruz Das Palmeiras;SP
Santa Cruz Do Rio Pardo;SP
Santa Ernestina;SP
Santa Fe Do Sul;SP
Santa Gertrudes;SP
Santa Isabel;SP
Santa Lucia;SP
Santa Maria Da Serra;SP
Santa Mercedes;SP
Santana Da Ponte Pensa;SP
Santana De Parnaiba;SP
Santa Rita D'Oeste;SP
Santa Rita Do Passa Quatro;SP
Santa Rosa De Viterbo;SP
Santo Anastacio;SP
Santo Andre;SP
Santo Antonio Da Alegria;SP
Santo Antonio De Posse;SP
Santo Antonio Do Jardim;SP
Santo Antonio Do Pinhal;SP
Santo Expedito;SP
Santopolis Do Aguapei;SP
Santos;SP
Sao Bento Do Sapucai;SP
Sao Bernardo Do Campo;SP
Sao Caetano Do Sul;SP
Sao Carlos;SP
Sao Francisco;SP
Sao Joao Da Boa Vista;SP
Sao Joao Das Duas Pontes;SP
Sao Joao Do Pau D'Alho;SP
Sao Joaquim Da Barra;SP
Sao Jose Da Bela Vista;SP
Sao Jose Do Barreiro;SP
Sao Jose Do Rio Pardo;SP
Sao Jose Do Rio Preto;SP
Sao Jose Dos Campos;SP
Sao Luiz Do Paraitinga;SP
Sao Manuel;SP
Sao Miguel Arcanjo;SP
Sao Paulo;SP
Sao Pedro;SP
Sao Pedro Do Turvo;SP
Sao Roque;SP
Sao Sebastiao;SP
Sao Sebastiao Da Grama;SP
Sao Simao;SP
Sao Vicente;SP
Sarapui;SP
Sarutaia;SP
Sebastianopolis Do Sul;SP
Serra Azul;SP
Serrana;SP
Serra Negra;SP
Sertaozinho;SP
Sete Barras;SP
Severinia;SP
Silveiras;SP
Socorro;SP
Sorocaba;SP
Sud Mennucci;SP
Sumare;SP
Suzano;SP
Tabapua;SP
Tabatinga;SP
Taboao Da Serra;SP
Taciba;SP
Taguai;SP
Taiacu;SP
Taiuva;SP
Tambau;SP
Tanabi;SP
Tapirai;SP
Tapiratiba;SP
Taquaritinga;SP
Taquarituba;SP
Tarabai;SP
Tatui;SP
Taubate;SP
Tejupa;SP
Teodoro Sampaio;SP
Terra Roxa;SP
Tiete;SP
Timburi;SP
Torrinha;SP
Tremembe;SP
Tres Fronteiras;SP
Tupa;SP
Tupi Paulista;SP
Turiuba;SP
Turmalina;SP
Ubatuba;SP
Ubirajara;SP
Uchoa;SP
Uniao Paulista;SP
Urania;SP
Uru;SP
Urupes;SP
Valentim Gentil;SP
Valinhos;SP
Valparaiso;SP
Vargem Grande Do Sul;SP
Varzea Paulista;SP
Vera Cruz;SP
Vinhedo;SP
Viradouro;SP
Vista Alegre Do Alto;SP
Votorantim;SP
Votuporanga;SP
Borebi;SP
Dirce Reis;SP
Embauba;SP
Espirito Santo Do Turvo;SP
Euclides Da Cunha Paulista;SP
Guatapara;SP
Iaras;SP
Motuca;SP
Rosana;SP
Taruma;SP
Vargem Grande Paulista;SP
Sao Vendelino;RS
Imigrante;RS
Imbe;RS
Ibirapuita;RS
Estacao;RS
Vista Gaucha;RS
Vista Alegre Do Prata;RS
Vista Alegre;RS
Vila Maria;RS
Vila Flores;RS
Taquarucu Do Sul;RS
Silveira Martins;RS
Segredo;RS
Vanini;RS
Tupandi;RS
Tunas;RS
Trindade Do Sul;RS
Tres Palmeiras;RS
Tres Cachoeiras;RS
Tres Arroios;RS
Terra De Areia;RS
Sede Nova;RS
Santa Maria Do Herval;RS
Saldanha Marinho;RS
Sao Miguel Das Missoes;RS
Sao Jose Do Hortencio;RS
Sao Jose Do Herval;RS
Sao Jorge;RS
Sao Joao Da Urtiga;RS
Sao Domingos Do Sul;RS
Riozinho;RS
Relvado;RS
Quinze De Novembro;RS
Protasio Alves;RS
Progresso;RS
Pouso Novo;RS
Poco Das Antas;RS
Pirapo;RS
Pinhal;RS
Paverama;RS
Paraiso Do Sul;RS
Pantano Grande;RS
Nova Roma Do Sul;RS
Nova Hartz;RS
Nova Esperanca Do Sul;RS
Nova Alvorada;RS
Morro Redondo;RS
Montauri;RS
Lagoao;RS
Jaquirana;RS
Jaboticaba;RS
Ivora;RS
Itacurubi;RS
Ipiranga Do Sul;RS
Abatia;PR
Adrianopolis;PR
Agudos Do Sul;PR
Almirante Tamandare;PR
Alto Parana;PR
Alto Piquiri;PR
Alvorada Do Sul;PR
Amapora;PR
Ampere;PR
Andira;PR
Antonina;PR
Antonio Olinto;PR
Apucarana;PR
Arapongas;PR
Arapoti;PR
Araruna;PR
Marilandia Do Sul;PR
Araucaria;PR
Assai;PR
Astorga;PR
Atalaia;PR
Balsa Nova;PR
Bandeirantes;PR
Barbosa Ferraz;PR
Barracao;PR
Barra Do Jacare;PR
Bela Vista Do Paraiso;PR
Bituruna;PR
Boa Esperanca;PR
Bocaiuva Do Sul;PR
Bom Sucesso;PR
Borrazopolis;PR
Cafeara;PR
California;PR
Cambara;PR
Cambe;PR
Cambira;PR
Campina Da Lagoa;PR
Campina Grande Do Sul;PR
Campo Do Tenente;PR
Campo Largo;PR
Campo Mourao;PR
Candido De Abreu;PR
Capanema;PR
Capitao Leonidas Marques;PR
Carlopolis;PR
Cascavel;PR
Castro;PR
Catanduvas;PR
Centenario Do Sul;PR
Cerro Azul;PR
Chopinzinho;PR
Cianorte;PR
Cidade Gaucha;PR
Clevelandia;PR
Mangueirinha;PR
Colombo;PR
Colorado;PR
Congonhinhas;PR
Conselheiro Mairinck;PR
Contenda;PR
Corbelia;PR
Cornelio Procopio;PR
Coronel Vivida;PR
Cruzeiro Do Oeste;PR
Cruzeiro Do Sul;PR
Cruz Machado;PR
Curitiba;PR
Curiuva;PR
Diamante Do Norte;PR
Dois Vizinhos;PR
Doutor Camargo;PR
Eneas Marques;PR
Engenheiro Beltrao;PR
Faxinal;PR
Fenix;PR
Florai;PR
Floresta;PR
Florestopolis;PR
Florida;PR
Formosa Do Oeste;PR
Foz Do Iguacu;PR
Francisco Beltrao;PR
General Carneiro;PR
Goioere;PR
Guaira;PR
Guairaca;PR
Guapirama;PR
Guaporema;PR
Guaraci;PR
Guaraniacu;PR
Guarapuava;PR
Guaraquecaba;PR
Guaratuba;PR
Ibaiti;PR
Ibipora;PR
Icaraima;PR
Iguaracu;PR
Imbituva;PR
Inacio Martins;PR
Inaja;PR
Ipiranga;PR
Ipora;PR
Irati;PR
Iretama;PR
Itaguaje;PR
Itambaraca;PR
Itambe;PR
Itapejara D'Oeste;PR
Itauna Do Sul;PR
Ivai;PR
Ivaipora;PR
Ivatuba;PR
Jaboti;PR
Jacarezinho;PR
Jaguapita;PR
Jaguariaiva;PR
Jandaia Do Sul;PR
Janiopolis;PR
Japira;PR
Japura;PR
Jardim Alegre;PR
Jardim Olinda;PR
Jataizinho;PR
Joaquim Tavora;PR
Jundiai Do Sul;PR
Jussara;PR
Kalore;PR
Lapa;PR
Laranjeiras Do Sul;PR
Leopolis;PR
Loanda;PR
Lobato;PR
Londrina;PR
Lupionopolis;PR
Mallet;PR
Mambore;PR
Mandaguacu;PR
Mandaguari;PR
Mandirituba;PR
Manoel Ribas;PR
Marechal Candido Rondon;PR
Maria Helena;PR
Marialva;PR
Mariluz;PR
Maringa;PR
Mariopolis;PR
Marmeleiro;PR
Marumbi;PR
Matelandia;PR
Medianeira;PR
Mirador;PR
Miraselva;PR
Moreira Sales;PR
Morretes;PR
Munhoz De Melo;PR
Nossa Senhora Das Gracas;PR
Nova Alianca Do Ivai;PR
Nova America Da Colina;PR
Nova Cantu;PR
Nova Esperanca;PR
Nova Fatima;PR
Nova Londrina;PR
Ortigueira;PR
Ourizona;PR
Paicandu;PR
Palmas;PR
Palmeira;PR
Palmital;PR
Palotina;PR
Paraiso Do Norte;PR
Paranacity;PR
Paranagua;PR
Paranapoema;PR
Paranavai;PR
Pato Branco;PR
Paula Freitas;PR
Paulo Frontin;PR
Peabiru;PR
Perola D'Oeste;PR
Pien;PR
Pinhalao;PR
Pinhao;PR
Pirai Do Sul;PR
Piraquara;PR
Pitanga;PR
Planaltina Do Parana;PR
Planalto;PR
Ponta Grossa;PR
Porecatu;PR
Porto Amazonas;PR
Porto Rico;PR
Porto Vitoria;PR
Presidente Castelo Branco;PR
Primeiro De Maio;PR
Prudentopolis;PR
Quatigua;PR
Quatro Barras;PR
Querencia Do Norte;PR
Quinta Do Sol;PR
Quitandinha;PR
Rancho Alegre;PR
Realeza;PR
Reboucas;PR
Renascenca;PR
Reserva;PR
Ribeirao Claro;PR
Ribeirao Do Pinhal;PR
Rio Azul;PR
Rio Bom;PR
Rio Branco Do Sul;PR
Rio Negro;PR
Rolandia;PR
Roncador;PR
Rondon;PR
Sabaudia;PR
Salgado Filho;PR
Salto Do Itarare;PR
Salto Do Lontra;PR
Santa Amelia;PR
Santa Cecilia Do Pavao;PR
Santa Cruz De Monte Castelo;PR
Santa Fe;PR
Santa Ines;PR
Santa Isabel Do Ivai;PR
Santa Izabel Do Oeste;PR
Santa Mariana;PR
Santana Do Itarare;PR
Santo Antonio Do Sudoeste;PR
Santo Antonio Da Platina;PR
Santo Antonio Do Caiua;PR
Santo Antonio Do Paraiso;PR
Santo Inacio;PR
Sao Carlos Do Ivai;PR
Sao Jeronimo Da Serra;PR
Sao Joao;PR
Sao Joao Do Caiua;PR
Sao Joao Do Ivai;PR
Sao Joao Do Triunfo;PR
Sao Jorge Do Ivai;PR
Sao Jorge D'Oeste;PR
Sao Jose Da Boa Vista;PR
Sao Jose Dos Pinhais;PR
Sao Mateus Do Sul;PR
Sao Miguel Do Iguacu;PR
Sao Pedro Do Ivai;PR
Sao Pedro Do Parana;PR
Sao Sebastiao Da Amoreira;PR
Sao Tome;PR
Sapopema;PR
Senges;PR
Sertaneja;PR
Sertanopolis;PR
Siqueira Campos;PR
Tamboara;PR
Tapejara;PR
Teixeira Soares;PR
Telemaco Borba;PR
Terra Boa;PR
Terra Rica;PR
Terra Roxa;PR
Tibagi;PR
Tijucas Do Sul;PR
Toledo;PR
Tomazina;PR
Tuneiras Do Oeste;PR
Ubirata;PR
Umuarama;PR
Uniao Da Vitoria;PR
Uniflor;PR
Urai;PR
Wenceslau Braz;PR
Vere;PR
Vitorino;PR
Xambre;PR
Altonia;PR
Assis Chateaubriand;PR
Quedas Do Iguacu;PR
Ceu Azul;PR
Grandes Rios;PR
Indianopolis;PR
Matinhos;PR
Nova Aurora;PR
Nova Olimpia;PR
Perola;PR
Santa Helena;PR
Tapira;PR
Marilena;PR
Francisco Alves;PR
Nova Santa Rosa;PR
Boa Vista Da Aparecida;PR
Braganey;PR
Cafelandia;PR
Tres Barras Do Parana;PR
Vera Cruz Do Oeste;PR
Pranchita;PR
Tupassi;PR
Nova Prata Do Iguacu;PR
Jesuitas;PR
Sao Jorge Do Patrocinio;PR
Abelardo Luz;SC
Agrolandia;SC
Agronomica;SC
Agua Doce;SC
Aguas De Chapeco;SC
Aguas Mornas;SC
Alfredo Wagner;SC
Anchieta;SC
Angelina;SC
Anita Garibaldi;SC
Anitapolis;SC
Antonio Carlos;SC
Araquari;SC
Ararangua;SC
Armazem;SC
Arroio Trinta;SC
Ascurra;SC
Atalanta;SC
Aurora;SC
Balneario Camboriu;SC
Barra Velha;SC
Benedito Novo;SC
Biguacu;SC
Blumenau;SC
Bom Retiro;SC
Botuvera;SC
Braco Do Norte;SC
Brusque;SC
Cacador;SC
Caibi;SC
Camboriu;SC
Campo Alegre;SC
Campo Belo Do Sul;SC
Campo Ere;SC
Campos Novos;SC
Canelinha;SC
Canoinhas;SC
Capinzal;SC
Catanduvas;SC
Caxambu Do Sul;SC
Chapeco;SC
Concordia;SC
Coronel Freitas;SC
Corupa;SC
Criciuma;SC
Cunha Pora;SC
Curitibanos;SC
Descanso;SC
Dionisio Cerqueira;SC
Dona Emma;SC
Erval Velho;SC
Faxinal Dos Guedes;SC
Florianopolis;SC
Fraiburgo;SC
Galvao;SC
Governador Celso Ramos;SC
Garopaba;SC
Garuva;SC
Gaspar;SC
Grao Para;SC
Gravatal;SC
Guabiruba;SC
Guaraciaba;SC
Guaramirim;SC
Guaruja Do Sul;SC
Herval D'Oeste;SC
Ibicare;SC
Ibirama;SC
Icara;SC
Ilhota;SC
Imarui;SC
Imbituba;SC
Imbuia;SC
Indaial;SC
Ipira;SC
Ipumirim;SC
Irani;SC
Irineopolis;SC
Ita;SC
Itaiopolis;SC
Itajai;SC
Itapema;SC
Itapiranga;SC
Ituporanga;SC
Jabora;SC
Jacinto Machado;SC
Jaguaruna;SC
Jaragua Do Sul;SC
Joacaba;SC
Joinville;SC
Lacerdopolis;SC
Lages;SC
Laguna;SC
Laurentino;SC
Lauro Muller;SC
Lebon Regis;SC
Leoberto Leal;SC
Lontras;SC
Luiz Alves;SC
Mafra;SC
Major Gercino;SC
Major Vieira;SC
Maravilha;SC
Massaranduba;SC
Matos Costa;SC
Meleiro;SC
Modelo;SC
Mondai;SC
Monte Castelo;SC
Morro Da Fumaca;SC
Navegantes;SC
Nova Erechim;SC
Nova Trento;SC
Nova Veneza;SC
Orleans;SC
Ouro;SC
Palhoca;SC
Palma Sola;SC
Palmitos;SC
Papanduva;SC
Paulo Lopes;SC
Pedras Grandes;SC
Penha;SC
Peritiba;SC
Petrolandia;SC
Balneario De Picarras;SC
Pinhalzinho;SC
Pinheiro Preto;SC
Piratuba;SC
Pomerode;SC
Ponte Alta;SC
Ponte Serrada;SC
Porto Belo;SC
Porto Uniao;SC
Pouso Redondo;SC
Praia Grande;SC
Presidente Castello Branco;SC
Presidente Getulio;SC
Presidente Nereu;SC
Quilombo;SC
Rancho Queimado;SC
Rio Das Antas;SC
Rio Do Campo;SC
Rio Do Oeste;SC
Rio Dos Cedros;SC
Rio Do Sul;SC
Rio Fortuna;SC
Rio Negrinho;SC
Rodeio;SC
Romelandia;SC
Salete;SC
Salto Veloso;SC
Santa Cecilia;SC
Santa Rosa De Lima;SC
Santo Amaro Da Imperatriz;SC
Sao Bento Do Sul;SC
Sao Bonifacio;SC
Sao Carlos;SC
Sao Domingos;SC
Sao Francisco Do Sul;SC
Sao Joao Batista;SC
Sao Joao Do Sul;SC
Sao Joaquim;SC
Sao Jose;SC
Sao Jose Do Cedro;SC
Sao Jose Do Cerrito;SC
Sao Lourenco Do Oeste;SC
Sao Ludgero;SC
Sao Martinho;SC
Sao Miguel Do Oeste;SC
Saudades;SC
Schroeder;SC
Seara;SC
Sideropolis;SC
Sombrio;SC
Taio;SC
Tangara;SC
Tijucas;SC
Timbo;SC
Tres Barras;SC
Treze De Maio;SC
Treze Tilias;SC
Trombudo Central;SC
Tubarao;SC
Turvo;SC
Urubici;SC
Urussanga;SC
Vargeao;SC
Vidal Ramos;SC
Videira;SC
Witmarsum;SC
Xanxere;SC
Xavantina;SC
Xaxim;SC
Bom Jardim Da Serra;SC
Maracaja;SC
Timbe Do Sul;SC
Correia Pinto;SC
Otacilio Costa;SC
Ipe;RS
Ibarama;RS
Harmonia;RS
Guabiju;RS
Glorinha;RS
Faxinalzinho;RS
Fagundes Varela;RS
Eugenio De Castro;RS
Ernestina;RS
Erebango;RS
Entre Ijuis;RS
Entre Rios Do Sul;RS
Eldorado Do Sul;RS
Doutor Mauricio Cardoso;RS
Dois Lajeados;RS
Dezesseis De Novembro;RS
Cristal;RS
Cidreira;RS
Cerro Grande Do Sul;RS
Cerro Grande;RS
Cerro Branco;RS
Caseiros;RS
Capela De Santana;RS
Campos Borges;RS
Camargo;RS
Brochier;RS
Cantagalo;PR
Turvo;PR
Altamira Do Parana;PR
Figueira;PR
Lunardelli;PR
Sarandi;PR
Juranda;PR
Douradina;PR
Santa Terezinha De Itaipu;PR
Missal;PR
Sao Jose Das Palmeiras;PR
Rosario Do Ivai;PR
Campo Bonito;PR
Sulina;PR
Corumbatai Do Sul;PR
Luiziana;PR
Boqueirao Do Leao;RS
Barao;RS
Aurea;RS
Arroio Do Sal;RS
Andre Da Rocha;RS
Amaral Ferrador;RS
Alto Alegre;RS
Alegria;RS
Agua Santa;RS
Agudo;RS
Ajuricaba;RS
Alecrim;RS
Alegrete;RS
Alpestre;RS
Alvorada;RS
Anta Gorda;RS
Antonio Prado;RS
Aratiba;RS
Arroio Do Meio;RS
Arroio Dos Ratos;RS
Arroio Do Tigre;RS
Arroio Grande;RS
Arvorezinha;RS
Augusto Pestana;RS
Bage;RS
Barao De Cotegipe;RS
Barracao;RS
Barra Do Ribeiro;RS
Barros Cassal;RS
Bento Goncalves;RS
Boa Vista Do Burica;RS
Bom Jesus;RS
Bom Retiro Do Sul;RS
Bossoroca;RS
Braga;RS
Butia;RS
Cacapava Do Sul;RS
Cacequi;RS
Cachoeira Do Sul;RS
Cachoeirinha;RS
Cacique Doble;RS
Caibate;RS
Caicara;RS
Camaqua;RS
Cambara Do Sul;RS
Campina Das Missoes;RS
Campinas Do Sul;RS
Campo Bom;RS
Campo Novo;RS
Candelaria;RS
Candido Godoi;RS
Canela;RS
Cangucu;RS
Canoas;RS
Carazinho;RS
Carlos Barbosa;RS
Casca;RS
Catuipe;RS
Caxias Do Sul;RS
Cerro Largo;RS
Chapada;RS
Chiapetta;RS
Ciriaco;RS
Colorado;RS
Condor;RS
Constantina;RS
Coronel Bicaco;RS
Crissiumal;RS
Cruz Alta;RS
Cruzeiro Do Sul;RS
David Canabarro;RS
Dois Irmaos;RS
Dom Feliciano;RS
Dom Pedrito;RS
Dona Francisca;RS
Encantado;RS
Encruzilhada Do Sul;RS
Erechim;RS
Herval;RS
Erval Grande;RS
Erval Seco;RS
Esmeralda;RS
Espumoso;RS
Estancia Velha;RS
Esteio;RS
Estrela;RS
Farroupilha;RS
Faxinal Do Soturno;RS
Feliz;RS
Flores Da Cunha;RS
Fontoura Xavier;RS
Formigueiro;RS
Frederico Westphalen;RS
Garibaldi;RS
Gaurama;RS
General Camara;RS
Sao Vicente Do Sul;RS
Getulio Vargas;RS
Flores De Goias;GO
Formosa;GO
Formoso;GO
Formoso Do Araguaia;TO
Goianapolis;GO
Goiandira;GO
Goianesia;GO
Goiania;GO
Goianira;GO
Goias;GO
Goiatuba;GO
Guapo;GO
Guarani De Goias;GO
Gurupi;TO
Heitorai;GO
Hidrolandia;GO
Hidrolina;GO
Iaciara;GO
Inhumas;GO
Ipameri;GO
Ipora;GO
Israelandia;GO
Itaberai;GO
Itacaja;TO
Itaguaru;GO
Itaguatins;TO
Itaja;GO
Itapaci;GO
Itapirapua;GO
Itapora Do Tocantins;TO
Itapuranga;GO
Itaruma;GO
Itaucu;GO
Itumbiara;GO
Ivolandia;GO
Jandaia;GO
Jaragua;GO
Jatai;GO
Jaupaci;GO
Joviania;GO
Jussara;GO
Alianca Do Tocantins;TO
Leopoldo De Bulhoes;GO
Luziania;GO
Mairipotaba;GO
Mambai;GO
Mara Rosa;GO
Marzagao;GO
Paranaiguara;GO
Maurilandia;GO
Mineiros;GO
Miracema Do Tocantins;TO
Miranorte;TO
Moipora;GO
Monte Alegre De Goias;GO
Monte Do Carmo;TO
Montes Claros De Goias;GO
Morrinhos;GO
Mossamedes;GO
Mozarlandia;GO
Mutunopolis;GO
Natividade;TO
Nazare;TO
Nazario;GO
Neropolis;GO
Niquelandia;GO
Nova America;GO
Nova Aurora;GO
Nova Roma;GO
Nova Veneza;GO
Novo Acordo;TO
Novo Brasil;GO
Orizona;GO
Ouro Verde De Goias;GO
Ouvidor;GO
Padre Bernardo;GO
Palmeiras De Goias;GO
Palmelo;GO
Palminopolis;GO
Panama;GO
Paraiso Do Tocantins;TO
Parana;TO
Parauna;GO
Pedro Afonso;TO
Peixe;TO
Colmeia;TO
Petrolina De Goias;GO
Goiatins;TO
Pilar De Goias;GO
Pindorama Do Tocantins;TO
Piracanjuba;GO
Piranhas;GO
Pirenopolis;GO
Pires Do Rio;GO
Pium;TO
Pontalina;GO
Ponte Alta Do Bom Jesus;TO
Ponte Alta Do Tocantins;TO
Porangatu;GO
Portelandia;GO
Porto Nacional;TO
Posse;GO
Quirinopolis;GO
Rialma;GO
Rianapolis;GO
Lizarda;TO
Exterior;EX
Campo Limpo De Goias;GO
Gameleira De Goias;GO
Ipiranga De Goias;GO
Lagoa Santa;GO
Bom Jesus Do Araguaia;MT
Colniza;MT
Conquista D'Oeste;MT
Curvelandia;MT
Nova Nazare;MT
Nova Santa Helena;MT
Novo Santo Antonio;MT
Rondolandia;MT
Barrocas;BA
Luis Eduardo Magalhaes;BA
Governador Lindenberg;ES
Nazaria;PI
Mojui Dos Campos;PA
Balneario Rincao;SC
Pescaria Brava;SC
Paraiso Das Aguas;MS
Girua;RS
Gramado;RS
Gravatai;RS
Guaiba;RS
Guapore;RS
Guarani Das Missoes;RS
Horizontina;RS
Charqueadas;RS
Humaita;RS
Ibiaca;RS
Ibiraiaras;RS
Ibiruba;RS
Igrejinha;RS
Ijui;RS
Ilopolis;RS
Independencia;RS
Irai;RS
Itaqui;RS
Itatiba Do Sul;RS
Ivoti;RS
Jacutinga;RS
Jaguarao;RS
Jaguari;RS
Julio De Castilhos;RS
Lagoa Vermelha;RS
Lajeado;RS
Lavras Do Sul;RS
Liberato Salzano;RS
Machadinho;RS
Marau;RS
Marcelino Ramos;RS
Mariano Moro;RS
Mata;RS
Maximiliano De Almeida;RS
Miraguai;RS
Montenegro;RS
Mostardas;RS
Mucum;RS
Nao-Me-Toque;RS
Nonoai;RS
Nova Araca;RS
Nova Bassano;RS
Nova Brescia;RS
Nova Palma;RS
Nova Petropolis;RS
Nova Prata;RS
Novo Hamburgo;RS
Osorio;RS
Paim Filho;RS
Palmeira Das Missoes;RS
Palmitinho;RS
Panambi;RS
Parai;RS
Passo Fundo;RS
Pedro Osorio;RS
Pejucara;RS
Pelotas;RS
Pinheiro Machado;RS
Piratini;RS
Planalto;RS
Portao;RS
Porto Alegre;RS
Porto Lucena;RS
Porto Xavier;RS
Putinga;RS
Quarai;RS
Redentora;RS
Restinga Seca;RS
Rio Grande;RS
Rio Pardo;RS
Roca Sales;RS
Rodeio Bonito;RS
Rolante;RS
Ronda Alta;RS
Rondinha;RS
Roque Gonzales;RS
Rosario Do Sul;RS
Salvador Do Sul;RS
Sananduva;RS
Santa Barbara Do Sul;RS
Santa Cruz Do Sul;RS
Santa Maria;RS
Santana Da Boa Vista;RS
Santana Do Livramento;RS
Santa Rosa;RS
Santa Vitoria Do Palmar;RS
Santiago;RS
Santo Angelo;RS
Santo Antonio Da Patrulha;RS
Santo Antonio Das Missoes;RS
Santo Augusto;RS
Santo Cristo;RS
Sao Borja;RS
Sao Francisco De Assis;RS
Sao Francisco De Paula;RS
Sao Gabriel;RS
Sao Jeronimo;RS
Sao Jose Do Norte;RS
Sao Jose Do Ouro;RS
Sao Leopoldo;RS
Sao Lourenco Do Sul;RS
Sao Luiz Gonzaga;RS
Sao Marcos;RS
Sao Martinho;RS
Sao Nicolau;RS
Sao Paulo Das Missoes;RS
Sao Pedro Do Sul;RS
Sao Sebastiao Do Cai;RS
Sao Sepe;RS
Sao Valentim;RS
Sapiranga;RS
Sapucaia Do Sul;RS
Sarandi;RS
Seberi;RS
Selbach;RS
Serafina Correa;RS
Sertao;RS
Severiano De Almeida;RS
Capao Da Canoa;RS
Sobradinho;RS
Soledade;RS
Tapejara;RS
Tapera;RS
Tapes;RS
Taquara;RS
Taquari;RS
Tenente Portela;RS
Torres;RS
Tramandai;RS
Tres Coroas;RS
Tres De Maio;RS
Tres Passos;RS
Triunfo;RS
Tucunduva;RS
Tupancireta;RS
Tuparendi;RS
Uruguaiana;RS
Vacaria;RS
Venancio Aires;RS
Vera Cruz;RS
Veranopolis;RS
Viadutos;RS
Viamao;RS
Vicente Dutra;RS
Palmares Do Sul;RS
Victor Graeff;RS
Tavares;RS
Capao Do Leao;RS
Salto Do Jacui;RS
Cotipora;RS
Colider;MT
Nova Brasilandia;MT
Paranatinga;MT
Sinop;MT
Alta Floresta;MT
Araputanga;MT
Jauru;MT
Sao Jose Dos Quatro Marcos;MT
Rio Branco;MT
Salto Do Ceu;MT
Pontes E Lacerda;MT
Acorizal;MT
Agua Clara;MS
Alto Araguaia;MT
Alto Garcas;MT
Alto Paraguai;MT
Amambai;MS
Anastacio;MS
Anaurilandia;MS
Antonio Joao;MS
Aparecida Do Taboado;MS
Aquidauana;MS
Araguainha;MT
Arenapolis;MT
Aripuana;MT
Bandeirantes;MS
Barao De Melgaco;MT
Barra Do Bugres;MT
Barra Do Garcas;MT
Bataguassu;MS
Bataypora;MS
Bela Vista;MS
Bonito;MS
Brasilandia;MS
Caceres;MT
Camapua;MS
Campo Grande;MS
Caracol;MS
Caarapo;MS
Cassilandia;MS
Chapada Dos Guimaraes;MT
Corguinho;MS
Corumba;MS
Coxim;MS
Cuiaba;MT
Diamantino;MT
Dom Aquino;MT
Dourados;MS
Fatima Do Sul;MS
General Carneiro;MT
Gloria De Dourados;MS
Guia Lopes Da Laguna;MS
Guiratinga;MT
Iguatemi;MS
Inocencia;MS
Itapora;MS
Itiquira;MT
Ivinhema;MS
Jaciara;MT
Jaraguari;MS
Jardim;MS
Jatei;MS
Ladario;MS
Luciara;MT
Maracaju;MS
Vila Bela Da Santissima Trindade;MT
Miranda;MS
Navirai;MS
Nioaque;MS
Nobres;MT
Nortelandia;MT
Nossa Senhora Do Livramento;MT
Nova Andradina;MS
Paranaiba;MS
Pedro Gomes;MS
Pocone;MT
Ponta Pora;MS
Ponte Branca;MT
Porto Dos Gauchos;MT
Porto Murtinho;MS
Poxoreu;MT
Ribas Do Rio Pardo;MS
Rio Brilhante;MS
Rio Negro;MS
Rio Verde De Mato Grosso;MS
Rochedo;MS
Rondonopolis;MT
Rosario Oeste;MT
Santo Antonio Do Leverger;MT
Sidrolandia;MS
Terenos;MS
Tesouro;MT
Torixoreu;MT
Tres Lagoas;MS
Varzea Grande;MT
Angelica;MS
Aral Moreira;MS
Eldorado;MS
Deodapolis;MS
Mirassol D'Oeste;MT
Mundo Novo;MS
Pedra Preta;MT
Sao Felix Do Araguaia;MT
Tangara Da Serra;MT
Vicentina;MS
Juscimeira;MT
Agua Boa;MT
Canarana;MT
Nova Xavantina;MT
Santa Terezinha;MT
Sao Jose Do Rio Claro;MT
Abadiania;GO
Agua Limpa;GO
Alexania;GO
Almas;TO
Aloandia;GO
Alto Paraiso De Goias;GO
Alvorada;TO
Alvorada Do Norte;GO
Amorinopolis;GO
Ananas;TO
Anapolis;GO
Anhanguera;GO
Anicuns;GO
Aparecida De Goiania;GO
Apore;GO
Aracu;GO
Aragarcas;GO
Aragoiania;GO
Araguacema;TO
Araguacu;TO
Araguaina;TO
Araguatins;TO
Arapoema;TO
Arraias;TO
Aruana;GO
Aurilandia;GO
Aurora Do Tocantins;TO
Avelinopolis;GO
Axixa Do Tocantins;TO
Babaculandia;TO
Baliza;GO
Barro Alto;GO
Bela Vista De Goias;GO
Bom Jardim De Goias;GO
Bom Jesus;GO
Brazabrantes;GO
Brejinho De Nazare;TO
Britania;GO
Buriti Alegre;GO
Cabeceiras;GO
Cachoeira Alta;GO
Cachoeira De Goias;GO
Cacu;GO
Caiaponia;GO
Caldas Novas;GO
Campestre De Goias;GO
Campinorte;GO
Campo Alegre De Goias;GO
Campos Belos;GO
Carmo Do Rio Verde;GO
Catalao;GO
Caturai;GO
Cavalcante;GO
Ceres;GO
Divinopolis De Goias;GO
Colinas Do Tocantins;TO
Conceicao Do Tocantins;TO
Corrego Do Ouro;GO
Corumba De Goias;GO
Corumbaiba;GO
Couto De Magalhaes;TO
Cristalandia;TO
Cristalina;GO
Cristianopolis;GO
Crixas;GO
Crominia;GO
Cumari;GO
Damianopolis;GO
Damolandia;GO
Davinopolis;GO
Dianopolis;TO
Diorama;GO
Dois Irmaos Do Tocantins;TO
Duere;TO
Edeia;GO
Estrela Do Norte;GO
Fazenda Nova;GO
Filadelfia;TO
Firminopolis;GO
Rio Verde;GO
Rubiataba;GO
Sanclerlandia;GO
Santa Barbara De Goias;GO
Santa Cruz De Goias;GO
Santa Helena De Goias;GO
Santa Rita Do Araguaia;GO
Santa Rosa De Goias;GO
Santa Tereza De Goias;GO
Santa Terezinha De Goias;GO
Sao Domingos;GO
Sao Francisco De Goias;GO
Planaltina;GO
Sao Joao D'Alianca;GO
Sao Luis De Montes Belos;GO
Sao Miguel Do Araguaia;GO
Sao Sebastiao Do Tocantins;TO
Sao Simao;GO
Serranopolis;GO
Silvania;GO
Sitio D'Abadia;GO
Sitio Novo Do Tocantins;TO
Taguatinga;TO
Taquaral De Goias;GO
Tocantinia;TO
Tocantinopolis;TO
Tres Ranchos;GO
Trindade;GO
Guarai;TO
Presidente Kennedy;TO
Turvania;GO
Uruacu;GO
Uruana;GO
Urutai;GO
Varjao;GO
Vianopolis;GO
Xambioa;TO
Acreuna;GO
Minacu;GO
Palmeiropolis;TO
Mundo Novo;GO
Nova Crixas;GO
Nova Gloria;GO
Vicentinopolis;GO
Silvanopolis;TO
Americano Do Brasil;GO
Nova Olinda;TO
Wanderlandia;TO
Figueiropolis;TO
Araguapaz;GO
Arenopolis;GO
Cachoeira Dourada;GO
Doverlandia;GO
Santo Antonio Do Descoberto;GO
Rio Sono;TO
Indiara;GO
Fatima;TO
Augustinopolis;TO
Campinacu;GO
Santa Isabel;GO
Sao Valerio Da Natividade;TO
Barrolandia;TO
Bernardo Sayao;TO
Combinado;TO
Goianorte;TO
Brasilia;DF
Novo Alegre;TO
Pequizeiro;TO
Marianopolis Do Tocantins;TO
Aparecida Do Rio Negro;TO
Buriti Do Tocantins;TO
Caseara;TO
Divinopolis Do Tocantins;TO
Nova Rosalandia;TO
Porto Alegre Do Tocantins;TO
Praia Norte;TO
Sampaio;TO
Santa Rosa Do Tocantins;TO
Santa Tereza Do Tocantins;TO
Palmas;TO
Novo Planalto;GO
Palestina De Goias;GO
Paranhos;MS
Ribeirao Cascalheira;MT
Santa Fe De Goias;GO
Santa Rita Do Pardo;MS
Sao Joao Da Parauna;GO
Sao Luiz Do Norte;GO
Sao Miguel Do Passa Quatro;GO
Senador Canedo;GO
Simolandia;GO
Sonora;MS
Teresina De Goias;GO
Trombas;GO
Tapurah;MT
Turvelandia;GO
Alagoinha Do Piaui;PI
Adelandia;GO
Agua Fria De Goias;GO
Apiacas;MT
Bonfinopolis;GO
Campo Novo Do Parecis;MT
Campo Verde;MT
Campos Verdes;GO
Castanheira;MT
Cezarina;GO
Chapadao Do Sul;MS
Claudia;MT
Colinas Do Sul;GO
Dois Irmaos Do Buriti;MS
Edealina;GO
Faina;GO
Gouvelandia;GO
Bodoquena;MS
Costa Rica;MS
Douradina;MS
Itaquirai;MS
Sao Gabriel Do Oeste;MS
Selviria;MS
Sete Quedas;MS
Tacuru;MS
Taquarussu;MS
Juara;MT
Teutonia;RS
Bom Principio;RS
Parobe;RS
Fortaleza Dos Valos;RS
Joia;RS
Juina;MT
Denise;MT
Iranduba;AM
Itamarati;AM
Manaquiri;AM
Presidente Figueiredo;AM
Rio Preto Da Eva;AM
Sao Sebastiao Do Uatuma;AM
Tabatinga;AM
Uarini;AM
Tonantins;AM
Quixelo;CE
Umirim;CE
Varjota;CE
Jaborandi;BA
Jangada;MT
Campinapolis;MT
Cocalinho;MT
Novo Sao Joaquim;MT
Araguaiana;MT
Primavera Do Leste;MT
Brasnorte;MT
Porto Esperidiao;MT
Indiavai;MT
Reserva Do Cabacal;MT
Figueiropolis D'Oeste;MT
Comodoro;MT
Paranaita;MT
Guaranta Do Norte;MT
Nova Canaa Do Norte;MT
Peixoto De Azevedo;MT
Nova Olimpia;MT
Porto Alegre Do Norte;MT
Vila Rica;MT
Marcelandia;MT
Itauba;MT
Novo Horizonte Do Norte;MT
Vera;MT
Sorriso;MT
Terra Nova Do Norte;MT
Alto Taquari;MT
Nova Tebas;PR
Diamante D'Oeste;PR
Quiterianopolis;CE
Itaguari;GO
Juruena;MT
Juti;MS
Lucas Do Rio Verde;MT
Matrincha;GO
Matupa;MT
Mimoso De Goias;GO
Montividiu;GO
Morro Agudo De Goias;GO
Nova Mutum;MT
Abdon Batista;SC
Apiuna;SC
Celso Ramos;SC
Doutor Pedrinho;SC
Godoy Moreira;PR
Ibema;PR
Ipora Do Oeste;SC
Iraceminha;SC
Ivate;PR
Jose Boiteux;SC
Lindoeste;PR
Lindoia Do Sul;SC
Marema;SC
Ouro Verde Do Oeste;PR
Santa Rosa Do Sul;SC
Santa Tereza Do Oeste;PR
Timbo Grande;SC
Uniao Do Oeste;SC
Urupema;SC
Vitor Meireles;SC
Bom Sucesso Do Sul;PR
Honorio Serpa;PR
Fazenda Rio Grande;PR
Itapoa;SC
Serra Alta;SC
Tunapolis;SC
Guarinos;GO
Rio Quente;GO
Coronel Sapucaia;MS
